,Créateur/auteur : Nom et informations,Catégorie Créateur/auteur,Genre de l'host,NOM DE L'HOST
0,"Joseph Beauregard documentariste, journalste, auteur; David Chowmentoski, Jérémi Nureni ; Tatjana Bogucz ; Cédric Chabuel ; Ann Rioult",auteur/réalisateur,H+F,AD
1,Delphine Saltel,auteur/réalisateur,F,Delphine Saltel
2,Delphine Saltel,auteur/réalisateur,F,Delphine Saltel
3,Anthony Carcone,auteur/réalisateur,H,Anthony Carcone
4,Thomas Guillaud-Bataille,auteur/réalisateur,H,Thomas Guillaud-Bataille
5,Jules-Edouard Moustic (Groland),auteur/réalisateur,H,Jules-Edouard Moustic (Groland)
6,Jules-Edouard Moustic (Groland),auteur/réalisateur,H,Jules-Edouard Moustic (Groland)
7,Jules-Edouard Moustic (Groland),auteur/réalisateur,H,Jules-Edouard Moustic (Groland)
8,Jules-Edouard Moustic (Groland),auteur/réalisateur,H,Jules-Edouard Moustic (Groland)
9,Jules-Edouard Moustic (Groland),auteur/réalisateur,H,Jules-Edouard Moustic (Groland)
10,Jules-Edouard Moustic (Groland),auteur/réalisateur,H,Jules-Edouard Moustic (Groland)
11,Jules-Edouard Moustic (Groland),auteur/réalisateur,H,Jules-Edouard Moustic (Groland)
12,Jules-Edouard Moustic (Groland),auteur/réalisateur,H,Jules-Edouard Moustic (Groland)
13,Jules-Edouard Moustic (Groland),auteur/réalisateur,H,Jules-Edouard Moustic (Groland)
14,Jules-Edouard Moustic (Groland),auteur/réalisateur,H,Jules-Edouard Moustic (Groland)
15,Jules-Edouard Moustic (Groland),auteur/réalisateur,H,Jules-Edouard Moustic (Groland)
16,Jules-Edouard Moustic (Groland),auteur/réalisateur,H,Jules-Edouard Moustic (Groland)
17,Jules-Edouard Moustic (Groland),auteur/réalisateur,H,Jules-Edouard Moustic (Groland)
18,Jules-Edouard Moustic (Groland),auteur/réalisateur,H,Jules-Edouard Moustic (Groland)
19,Jules-Edouard Moustic (Groland),auteur/réalisateur,H,Jules-Edouard Moustic (Groland)
20,Jules-Edouard Moustic (Groland),auteur/réalisateur,H,Jules-Edouard Moustic (Groland)
21,Jules-Edouard Moustic (Groland),auteur/réalisateur,H,Jules-Edouard Moustic (Groland)
22,Jules-Edouard Moustic (Groland),auteur/réalisateur,H,Jules-Edouard Moustic (Groland)
23,Jules-Edouard Moustic (Groland),auteur/réalisateur,H,Jules-Edouard Moustic (Groland)
24,Jules-Edouard Moustic (Groland),auteur/réalisateur,H,Jules-Edouard Moustic (Groland)
25,Jules-Edouard Moustic (Groland),auteur/réalisateur,H,Jules-Edouard Moustic (Groland)
26,Jules-Edouard Moustic (Groland),auteur/réalisateur,H,Jules-Edouard Moustic (Groland)
27,Jules-Edouard Moustic (Groland),auteur/réalisateur,H,Jules-Edouard Moustic (Groland)
28,Jules-Edouard Moustic (Groland),auteur/réalisateur,H,Jules-Edouard Moustic (Groland)
29,Jules-Edouard Moustic (Groland),auteur/réalisateur,H,Jules-Edouard Moustic (Groland)
30,Jules-Edouard Moustic (Groland),auteur/réalisateur,H,Jules-Edouard Moustic (Groland)
31,"Erwan Cario et ses chroniqueur·euse·s, Patrick Hellio, Julie Le Baron, Marius Chapuis et Frantz Durupt.",Rédaction,H,Erwan CARIO
32,Frédérique Pressman,auteur/réalisateur,F,Frédérique Pressman
33,rédaction,Rédaction,AD,AD
34,"Michel ABESCAT, Christine FERNIOT",Journaliste,H+F,"Michel ABESCAT, Christine FERNIOT"
35,rédaction,Rédaction,AD,AD
36,nsp,NSP,AD,AD
37,rédaction,Rédaction,AD,AD
38,AD,AD,AD,AD
39,Delphine Saltel et Marie Vachette,auteur/réalisateur,F,Delphine Saltel et Marie Vachette
40,Antonio Fischetti,auteur/réalisateur,H,Antonio Fischetti
41,Claire Hauter,auteur/réalisateur,F,Claire Hauter
42,Marine Vlahovic,auteur/réalisateur,F,Marine Vlahovic
43,Ines Leraud,auteur/réalisateur,F,AD
44,François Beaune,auteur/réalisateur,H,François Beaune
45,Ines Leraud journaliste et documentariste,auteur/réalisateur,F,AD
46,Jérôme & Julien,amateur/concerné,H,Jérôme & Julien
47,AD,AD,AD,AD
48,"Samuel Hirsch, réalisateur musicien, Claire Hauter, documentariste",auteur/réalisateur,H+F,AD
49,Jérôme Larcin,auteur/réalisateur,H,Jérôme Larcin
50,"Erwan Cario, Camille Gévaudan, journalistes",Rédaction,H+F,"Camille GEVAUDAN, Erwan CARIO"
51,Delphine Saltel,auteur/réalisateur,F,Delphine Saltel
52,"Quenton, Binzen, RedScape, Sam, Bigaston, Irslo & Jacky",AD,AD,AD
53,"Stéphane Moïssakis, Rafik Djoumi, Julien Dupuy, Arnaud Bordas, Clémence Gueidan et Yannick Dahan",Rédaction,H+F,"Stéphane Moïssakis, Rafik Djoumi, Julien Dupuy, Arnaud Bordas, Clémence Gueidan et Yannick Dahan"
54,Jeanne Robet,auteur/réalisateur,H,Charles
55,AD,amateur/concerné,AD,AD
56,rédaction,Rédaction,AD,AD
57,"Perrine Kervran

",auteur/réalisateur,F,"Perrine Kervran

"
58,érémi Nureni Banafunzi,auteur/réalisateur,H,érémi Nureni Banafunzi
59,érémi Nureni Banafunzi,auteur/réalisateur,H,érémi Nureni Banafunzi
60,érémi Nureni Banafunzi,auteur/réalisateur,H,érémi Nureni Banafunzi
61,érémi Nureni Banafunzi,auteur/réalisateur,H,érémi Nureni Banafunzi
62,"Clémence BODOC, journaliste",Journaliste,AD,AD
63,"Henry MICHEL, journaliste, auteur",Journaliste,AD,AD
64,rédaction,Rédaction,AD,AD
65,rédaction,Rédaction,AD,AD
66,"ira Mitrofanoff, Marc Baudriller et Jean-François Arnaud, journaliste",Journaliste,AD,AD
67,rédaction,Rédaction,H,AD
68,"Leéa LEJEUNE, journaliste",Journaliste,F,Léa LEJEUNE
69,NSP,NSP,F,AD
70,"Ghislaine OTTENHEIMER, journaliste",Journaliste,F,Ghislaine OTTENHEIMER
71,Héloïse de Neuville et Antoine Laurent,Journaliste,H+F,Héloïse de Neuville et Antoine Laurent
72,nsp,NSP,AD,AD
73,Guillaume Bregeras,Rédaction,H,Guillaume BREGERAS
74,journalistes de la rédaction,Rédaction,F,"Amélie PETITDEMANGE, Florent VAIRET"
75,rédaction,Rédaction,AD,AD
76,érémi Nureni Banafunzi,auteur/réalisateur,H,érémi Nureni Banafunzi
77,AD,AD,AD,AD
78,érémi Nureni Banafunzi,auteur/réalisateur,H,érémi Nureni Banafunzi
79,érémi Nureni Banafunzi,auteur/réalisateur,H,érémi Nureni Banafunzi
80,érémi Nureni Banafunzi,auteur/réalisateur,H,érémi Nureni Banafunzi
81,érémi Nureni Banafunzi,auteur/réalisateur,H,érémi Nureni Banafunzi
82,rédaction,rédaction,AD,AD
83,érémi Nureni Banafunzi,auteur/réalisateur,H,érémi Nureni Banafunzi
84,érémi Nureni Banafunzi,auteur/réalisateur,H,érémi Nureni Banafunzi
85,érémi Nureni Banafunzi,auteur/réalisateur,H,érémi Nureni Banafunzi
86,érémi Nureni Banafunzi,auteur/réalisateur,H,érémi Nureni Banafunzi
87,érémi Nureni Banafunzi,auteur/réalisateur,H,érémi Nureni Banafunzi
88,érémi Nureni Banafunzi,auteur/réalisateur,H,érémi Nureni Banafunzi
89,érémi Nureni Banafunzi,auteur/réalisateur,H,érémi Nureni Banafunzi
90,érémi Nureni Banafunzi,auteur/réalisateur,H,érémi Nureni Banafunzi
91,érémi Nureni Banafunzi,auteur/réalisateur,H,érémi Nureni Banafunzi
92,érémi Nureni Banafunzi,auteur/réalisateur,H,érémi Nureni Banafunzi
93,érémi Nureni Banafunzi,auteur/réalisateur,H,érémi Nureni Banafunzi
94,érémi Nureni Banafunzi,auteur/réalisateur,H,érémi Nureni Banafunzi
95,érémi Nureni Banafunzi,auteur/réalisateur,H,érémi Nureni Banafunzi
96,érémi Nureni Banafunzi,auteur/réalisateur,H,érémi Nureni Banafunzi
97,érémi Nureni Banafunzi,auteur/réalisateur,H,érémi Nureni Banafunzi
98,érémi Nureni Banafunzi,auteur/réalisateur,H,érémi Nureni Banafunzi
99,érémi Nureni Banafunzi,auteur/réalisateur,H,érémi Nureni Banafunzi
100,érémi Nureni Banafunzi,auteur/réalisateur,H,érémi Nureni Banafunzi
101,érémi Nureni Banafunzi,auteur/réalisateur,H,érémi Nureni Banafunzi
102,érémi Nureni Banafunzi,auteur/réalisateur,H,érémi Nureni Banafunzi
103,érémi Nureni Banafunzi,auteur/réalisateur,H,érémi Nureni Banafunzi
104,érémi Nureni Banafunzi,auteur/réalisateur,H,érémi Nureni Banafunzi
105,érémi Nureni Banafunzi,auteur/réalisateur,H,érémi Nureni Banafunzi
106,érémi Nureni Banafunzi,auteur/réalisateur,H,érémi Nureni Banafunzi
107,érémi Nureni Banafunzi,auteur/réalisateur,H,érémi Nureni Banafunzi
108,érémi Nureni Banafunzi,auteur/réalisateur,H,érémi Nureni Banafunzi
109,Lucie Geffroy,auteur/réalisateur,F,Lucie Geffroy
110,érémi Nureni Banafunzi,auteur/réalisateur,H,érémi Nureni Banafunzi
111,érémi Nureni Banafunzi,auteur/réalisateur,H,érémi Nureni Banafunzi
112,érémi Nureni Banafunzi,auteur/réalisateur,H,érémi Nureni Banafunzi
113,érémi Nureni Banafunzi,auteur/réalisateur,H,érémi Nureni Banafunzi
114,érémi Nureni Banafunzi,auteur/réalisateur,H,érémi Nureni Banafunzi
115,érémi Nureni Banafunzi,auteur/réalisateur,H,érémi Nureni Banafunzi
116,érémi Nureni Banafunzi,auteur/réalisateur,H,érémi Nureni Banafunzi
117,érémi Nureni Banafunzi,auteur/réalisateur,H,érémi Nureni Banafunzi
118,érémi Nureni Banafunzi,auteur/réalisateur,H,érémi Nureni Banafunzi
119,érémi Nureni Banafunzi,auteur/réalisateur,H,érémi Nureni Banafunzi
120,érémi Nureni Banafunzi,auteur/réalisateur,H,érémi Nureni Banafunzi
121,érémi Nureni Banafunzi,auteur/réalisateur,H,érémi Nureni Banafunzi
122,érémi Nureni Banafunzi,auteur/réalisateur,H,érémi Nureni Banafunzi
123,érémi Nureni Banafunzi,auteur/réalisateur,H,érémi Nureni Banafunzi
124,érémi Nureni Banafunzi,auteur/réalisateur,H,érémi Nureni Banafunzi
125,érémi Nureni Banafunzi,auteur/réalisateur,H,érémi Nureni Banafunzi
126,érémi Nureni Banafunzi,auteur/réalisateur,H,érémi Nureni Banafunzi
127,érémi Nureni Banafunzi,auteur/réalisateur,H,érémi Nureni Banafunzi
128,érémi Nureni Banafunzi,auteur/réalisateur,H,érémi Nureni Banafunzi
129,érémi Nureni Banafunzi,auteur/réalisateur,H,érémi Nureni Banafunzi
130,érémi Nureni Banafunzi,auteur/réalisateur,H,érémi Nureni Banafunzi
131,érémi Nureni Banafunzi,auteur/réalisateur,H,érémi Nureni Banafunzi
132,érémi Nureni Banafunzi,auteur/réalisateur,H,érémi Nureni Banafunzi
133,érémi Nureni Banafunzi,auteur/réalisateur,H,érémi Nureni Banafunzi
134,érémi Nureni Banafunzi,auteur/réalisateur,H,érémi Nureni Banafunzi
135,érémi Nureni Banafunzi,auteur/réalisateur,H,érémi Nureni Banafunzi
136,érémi Nureni Banafunzi,auteur/réalisateur,H,érémi Nureni Banafunzi
137,érémi Nureni Banafunzi,auteur/réalisateur,H,érémi Nureni Banafunzi
138,érémi Nureni Banafunzi,auteur/réalisateur,H,érémi Nureni Banafunzi
139,érémi Nureni Banafunzi,auteur/réalisateur,H,érémi Nureni Banafunzi
140,érémi Nureni Banafunzi,auteur/réalisateur,H,érémi Nureni Banafunzi
141,érémi Nureni Banafunzi,auteur/réalisateur,H,érémi Nureni Banafunzi
142,érémi Nureni Banafunzi,auteur/réalisateur,H,érémi Nureni Banafunzi
143,érémi Nureni Banafunzi,auteur/réalisateur,H,érémi Nureni Banafunzi
144,érémi Nureni Banafunzi,auteur/réalisateur,H,érémi Nureni Banafunzi
145,érémi Nureni Banafunzi,auteur/réalisateur,H,érémi Nureni Banafunzi
146,érémi Nureni Banafunzi,auteur/réalisateur,H,érémi Nureni Banafunzi
147,érémi Nureni Banafunzi,auteur/réalisateur,H,érémi Nureni Banafunzi
148,érémi Nureni Banafunzi,auteur/réalisateur,H,érémi Nureni Banafunzi
149,érémi Nureni Banafunzi,auteur/réalisateur,H,érémi Nureni Banafunzi
150,érémi Nureni Banafunzi,auteur/réalisateur,H,érémi Nureni Banafunzi
151,érémi Nureni Banafunzi,auteur/réalisateur,H,érémi Nureni Banafunzi
152,érémi Nureni Banafunzi,auteur/réalisateur,H,érémi Nureni Banafunzi
153,érémi Nureni Banafunzi,auteur/réalisateur,H,érémi Nureni Banafunzi
154,érémi Nureni Banafunzi,auteur/réalisateur,H,érémi Nureni Banafunzi
155,érémi Nureni Banafunzi,auteur/réalisateur,H,érémi Nureni Banafunzi
156,érémi Nureni Banafunzi,auteur/réalisateur,H,érémi Nureni Banafunzi
157,érémi Nureni Banafunzi,auteur/réalisateur,H,érémi Nureni Banafunzi
158,érémi Nureni Banafunzi,auteur/réalisateur,H,érémi Nureni Banafunzi
159,érémi Nureni Banafunzi,auteur/réalisateur,H,érémi Nureni Banafunzi
160,érémi Nureni Banafunzi,auteur/réalisateur,H,érémi Nureni Banafunzi
161,érémi Nureni Banafunzi,auteur/réalisateur,H,érémi Nureni Banafunzi
162,érémi Nureni Banafunzi,auteur/réalisateur,H,érémi Nureni Banafunzi
163,érémi Nureni Banafunzi,auteur/réalisateur,H,érémi Nureni Banafunzi
164,érémi Nureni Banafunzi,auteur/réalisateur,H,érémi Nureni Banafunzi
165,érémi Nureni Banafunzi,auteur/réalisateur,H,érémi Nureni Banafunzi
166,érémi Nureni Banafunzi,auteur/réalisateur,H,érémi Nureni Banafunzi
167,érémi Nureni Banafunzi,auteur/réalisateur,H,érémi Nureni Banafunzi
168,érémi Nureni Banafunzi,auteur/réalisateur,H,érémi Nureni Banafunzi
169,érémi Nureni Banafunzi,auteur/réalisateur,H,érémi Nureni Banafunzi
170,érémi Nureni Banafunzi,auteur/réalisateur,H,érémi Nureni Banafunzi
171,érémi Nureni Banafunzi,auteur/réalisateur,H,érémi Nureni Banafunzi
172,érémi Nureni Banafunzi,auteur/réalisateur,H,érémi Nureni Banafunzi
173,érémi Nureni Banafunzi,auteur/réalisateur,H,érémi Nureni Banafunzi
174,érémi Nureni Banafunzi,auteur/réalisateur,H,érémi Nureni Banafunzi
175,érémi Nureni Banafunzi,auteur/réalisateur,H,érémi Nureni Banafunzi
176,érémi Nureni Banafunzi,auteur/réalisateur,H,érémi Nureni Banafunzi
177,érémi Nureni Banafunzi,auteur/réalisateur,H,érémi Nureni Banafunzi
178,érémi Nureni Banafunzi,auteur/réalisateur,H,érémi Nureni Banafunzi
179,érémi Nureni Banafunzi,auteur/réalisateur,H,érémi Nureni Banafunzi
180,érémi Nureni Banafunzi,auteur/réalisateur,H,érémi Nureni Banafunzi
181,érémi Nureni Banafunzi,auteur/réalisateur,H,érémi Nureni Banafunzi
182,érémi Nureni Banafunzi,auteur/réalisateur,H,érémi Nureni Banafunzi
183,érémi Nureni Banafunzi,auteur/réalisateur,H,érémi Nureni Banafunzi
184,érémi Nureni Banafunzi,auteur/réalisateur,H,érémi Nureni Banafunzi
185,érémi Nureni Banafunzi,auteur/réalisateur,H,érémi Nureni Banafunzi
186,érémi Nureni Banafunzi,auteur/réalisateur,H,érémi Nureni Banafunzi
187,érémi Nureni Banafunzi,auteur/réalisateur,H,érémi Nureni Banafunzi
188,érémi Nureni Banafunzi,auteur/réalisateur,H,érémi Nureni Banafunzi
189,érémi Nureni Banafunzi,auteur/réalisateur,H,érémi Nureni Banafunzi
190,érémi Nureni Banafunzi,auteur/réalisateur,H,érémi Nureni Banafunzi
191,érémi Nureni Banafunzi,auteur/réalisateur,H,érémi Nureni Banafunzi
192,érémi Nureni Banafunzi,auteur/réalisateur,H,érémi Nureni Banafunzi
193,AD,amateur/concerné,AD,AD
194,Mathilde Guermonprez,auteur/réalisateur,F,Mathilde Guermonprez
195,érémi Nureni Banafunzi,auteur/réalisateur,H,érémi Nureni Banafunzi
196,érémi Nureni Banafunzi,auteur/réalisateur,H,érémi Nureni Banafunzi
197,rédaction,Rédaction,AD,AD
198,érémi Nureni Banafunzi,auteur/réalisateur,H,érémi Nureni Banafunzi
199,érémi Nureni Banafunzi,auteur/réalisateur,H,érémi Nureni Banafunzi
200,érémi Nureni Banafunzi,auteur/réalisateur,H,érémi Nureni Banafunzi
201,érémi Nureni Banafunzi,auteur/réalisateur,H,érémi Nureni Banafunzi
202,"Mouloud ACHOUR, journaliste",Journaliste,AD,AD
203,érémi Nureni Banafunzi,auteur/réalisateur,H,érémi Nureni Banafunzi
204,érémi Nureni Banafunzi,auteur/réalisateur,H,érémi Nureni Banafunzi
205,érémi Nureni Banafunzi,auteur/réalisateur,H,érémi Nureni Banafunzi
206,érémi Nureni Banafunzi,auteur/réalisateur,H,érémi Nureni Banafunzi
207,érémi Nureni Banafunzi,auteur/réalisateur,H,érémi Nureni Banafunzi
208,érémi Nureni Banafunzi,auteur/réalisateur,H,érémi Nureni Banafunzi
209,érémi Nureni Banafunzi,auteur/réalisateur,H,érémi Nureni Banafunzi
210,érémi Nureni Banafunzi,auteur/réalisateur,H,érémi Nureni Banafunzi
211,érémi Nureni Banafunzi,auteur/réalisateur,H,érémi Nureni Banafunzi
212,érémi Nureni Banafunzi,auteur/réalisateur,H,érémi Nureni Banafunzi
213,érémi Nureni Banafunzi,auteur/réalisateur,H,érémi Nureni Banafunzi
214,érémi Nureni Banafunzi,auteur/réalisateur,H,érémi Nureni Banafunzi
215,érémi Nureni Banafunzi,auteur/réalisateur,H,érémi Nureni Banafunzi
216,érémi Nureni Banafunzi,auteur/réalisateur,H,érémi Nureni Banafunzi
217,érémi Nureni Banafunzi,auteur/réalisateur,H,érémi Nureni Banafunzi
218,érémi Nureni Banafunzi,auteur/réalisateur,H,érémi Nureni Banafunzi
219,érémi Nureni Banafunzi,auteur/réalisateur,H,érémi Nureni Banafunzi
220,érémi Nureni Banafunzi,auteur/réalisateur,H,érémi Nureni Banafunzi
221,érémi Nureni Banafunzi,auteur/réalisateur,H,érémi Nureni Banafunzi
222,érémi Nureni Banafunzi,auteur/réalisateur,H,érémi Nureni Banafunzi
223,érémi Nureni Banafunzi,auteur/réalisateur,H,érémi Nureni Banafunzi
224,érémi Nureni Banafunzi,auteur/réalisateur,H,érémi Nureni Banafunzi
225,érémi Nureni Banafunzi,auteur/réalisateur,H,érémi Nureni Banafunzi
226,érémi Nureni Banafunzi,auteur/réalisateur,H,érémi Nureni Banafunzi
227,érémi Nureni Banafunzi,auteur/réalisateur,H,érémi Nureni Banafunzi
228,érémi Nureni Banafunzi,auteur/réalisateur,H,érémi Nureni Banafunzi
229,érémi Nureni Banafunzi,auteur/réalisateur,H,érémi Nureni Banafunzi
230,érémi Nureni Banafunzi,auteur/réalisateur,H,érémi Nureni Banafunzi
231,érémi Nureni Banafunzi,auteur/réalisateur,H,érémi Nureni Banafunzi
232,érémi Nureni Banafunzi,auteur/réalisateur,H,érémi Nureni Banafunzi
233,érémi Nureni Banafunzi,auteur/réalisateur,H,érémi Nureni Banafunzi
234,érémi Nureni Banafunzi,auteur/réalisateur,H,érémi Nureni Banafunzi
235,érémi Nureni Banafunzi,auteur/réalisateur,H,érémi Nureni Banafunzi
236,érémi Nureni Banafunzi,auteur/réalisateur,H,érémi Nureni Banafunzi
237,érémi Nureni Banafunzi,auteur/réalisateur,H,érémi Nureni Banafunzi
238,érémi Nureni Banafunzi,auteur/réalisateur,H,érémi Nureni Banafunzi
239,érémi Nureni Banafunzi,auteur/réalisateur,H,érémi Nureni Banafunzi
240,érémi Nureni Banafunzi,auteur/réalisateur,H,érémi Nureni Banafunzi
241,érémi Nureni Banafunzi,auteur/réalisateur,H,érémi Nureni Banafunzi
242,érémi Nureni Banafunzi,auteur/réalisateur,H,érémi Nureni Banafunzi
243,érémi Nureni Banafunzi,auteur/réalisateur,H,érémi Nureni Banafunzi
244,"Mehdi Maïzi, journaliste",Journaliste,AD,AD
245,érémi Nureni Banafunzi,auteur/réalisateur,H,érémi Nureni Banafunzi
246,érémi Nureni Banafunzi,auteur/réalisateur,H,érémi Nureni Banafunzi
247,érémi Nureni Banafunzi,auteur/réalisateur,H,érémi Nureni Banafunzi
248,érémi Nureni Banafunzi,auteur/réalisateur,H,érémi Nureni Banafunzi
249,érémi Nureni Banafunzi,auteur/réalisateur,H,érémi Nureni Banafunzi
250,érémi Nureni Banafunzi,auteur/réalisateur,H,érémi Nureni Banafunzi
251,érémi Nureni Banafunzi,auteur/réalisateur,H,érémi Nureni Banafunzi
252,érémi Nureni Banafunzi,auteur/réalisateur,H,érémi Nureni Banafunzi
253,érémi Nureni Banafunzi,auteur/réalisateur,H,érémi Nureni Banafunzi
254,érémi Nureni Banafunzi,auteur/réalisateur,H,érémi Nureni Banafunzi
255,érémi Nureni Banafunzi,auteur/réalisateur,H,érémi Nureni Banafunzi
256,érémi Nureni Banafunzi,auteur/réalisateur,H,érémi Nureni Banafunzi
257,érémi Nureni Banafunzi,auteur/réalisateur,H,érémi Nureni Banafunzi
258,érémi Nureni Banafunzi,auteur/réalisateur,H,érémi Nureni Banafunzi
259,érémi Nureni Banafunzi,auteur/réalisateur,H,érémi Nureni Banafunzi
260,érémi Nureni Banafunzi,auteur/réalisateur,H,érémi Nureni Banafunzi
261,érémi Nureni Banafunzi,auteur/réalisateur,H,érémi Nureni Banafunzi
262,érémi Nureni Banafunzi,auteur/réalisateur,H,érémi Nureni Banafunzi
263,érémi Nureni Banafunzi,auteur/réalisateur,H,érémi Nureni Banafunzi
264,érémi Nureni Banafunzi,auteur/réalisateur,H,érémi Nureni Banafunzi
265,Priscilla Telmon et Vincent Moon,auteur/réalisateur,H+F,Priscilla Telmon et Vincent Moon
266,érémi Nureni Banafunzi,auteur/réalisateur,H,érémi Nureni Banafunzi
267,érémi Nureni Banafunzi,auteur/réalisateur,H,érémi Nureni Banafunzi
268,érémi Nureni Banafunzi,auteur/réalisateur,H,érémi Nureni Banafunzi
269,érémi Nureni Banafunzi,auteur/réalisateur,H,érémi Nureni Banafunzi
270,érémi Nureni Banafunzi,auteur/réalisateur,H,érémi Nureni Banafunzi
271,érémi Nureni Banafunzi,auteur/réalisateur,H,érémi Nureni Banafunzi
272,érémi Nureni Banafunzi,auteur/réalisateur,H,érémi Nureni Banafunzi
273,érémi Nureni Banafunzi,auteur/réalisateur,H,érémi Nureni Banafunzi
274,érémi Nureni Banafunzi,auteur/réalisateur,H,érémi Nureni Banafunzi
275,érémi Nureni Banafunzi,auteur/réalisateur,H,érémi Nureni Banafunzi
276,érémi Nureni Banafunzi,auteur/réalisateur,H,érémi Nureni Banafunzi
277,érémi Nureni Banafunzi,auteur/réalisateur,H,érémi Nureni Banafunzi
278,érémi Nureni Banafunzi,auteur/réalisateur,H,érémi Nureni Banafunzi
279,érémi Nureni Banafunzi,auteur/réalisateur,H,érémi Nureni Banafunzi
280,érémi Nureni Banafunzi,auteur/réalisateur,H,érémi Nureni Banafunzi
281,érémi Nureni Banafunzi,auteur/réalisateur,H,érémi Nureni Banafunzi
282,érémi Nureni Banafunzi,auteur/réalisateur,H,érémi Nureni Banafunzi
283,érémi Nureni Banafunzi,auteur/réalisateur,H,érémi Nureni Banafunzi
284,érémi Nureni Banafunzi,auteur/réalisateur,H,érémi Nureni Banafunzi
285,érémi Nureni Banafunzi,auteur/réalisateur,H,érémi Nureni Banafunzi
286,érémi Nureni Banafunzi,auteur/réalisateur,H,érémi Nureni Banafunzi
287,érémi Nureni Banafunzi,auteur/réalisateur,H,érémi Nureni Banafunzi
288,érémi Nureni Banafunzi,auteur/réalisateur,H,érémi Nureni Banafunzi
289,érémi Nureni Banafunzi,auteur/réalisateur,H,érémi Nureni Banafunzi
290,érémi Nureni Banafunzi,auteur/réalisateur,H,érémi Nureni Banafunzi
291,érémi Nureni Banafunzi,auteur/réalisateur,H,érémi Nureni Banafunzi
292,érémi Nureni Banafunzi,auteur/réalisateur,H,érémi Nureni Banafunzi
293,érémi Nureni Banafunzi,auteur/réalisateur,H,érémi Nureni Banafunzi
294,érémi Nureni Banafunzi,auteur/réalisateur,H,érémi Nureni Banafunzi
295,érémi Nureni Banafunzi,auteur/réalisateur,H,érémi Nureni Banafunzi
296,érémi Nureni Banafunzi,auteur/réalisateur,H,érémi Nureni Banafunzi
297,érémi Nureni Banafunzi,auteur/réalisateur,H,érémi Nureni Banafunzi
298,érémi Nureni Banafunzi,auteur/réalisateur,H,érémi Nureni Banafunzi
299,"Thomas ROZEC, rédac chef, binge",Journaliste,AD,AD
300,érémi Nureni Banafunzi,auteur/réalisateur,H,érémi Nureni Banafunzi
301,érémi Nureni Banafunzi,auteur/réalisateur,H,érémi Nureni Banafunzi
302,érémi Nureni Banafunzi,auteur/réalisateur,H,érémi Nureni Banafunzi
303,érémi Nureni Banafunzi,auteur/réalisateur,H,érémi Nureni Banafunzi
304,érémi Nureni Banafunzi,auteur/réalisateur,H,érémi Nureni Banafunzi
305,érémi Nureni Banafunzi,auteur/réalisateur,H,érémi Nureni Banafunzi
306,érémi Nureni Banafunzi,auteur/réalisateur,H,érémi Nureni Banafunzi
307,érémi Nureni Banafunzi,auteur/réalisateur,H,érémi Nureni Banafunzi
308,érémi Nureni Banafunzi,auteur/réalisateur,H,érémi Nureni Banafunzi
309,érémi Nureni Banafunzi,auteur/réalisateur,H,érémi Nureni Banafunzi
310,érémi Nureni Banafunzi,auteur/réalisateur,H,érémi Nureni Banafunzi
311,érémi Nureni Banafunzi,auteur/réalisateur,H,érémi Nureni Banafunzi
312,érémi Nureni Banafunzi,auteur/réalisateur,H,érémi Nureni Banafunzi
313,érémi Nureni Banafunzi,auteur/réalisateur,H,érémi Nureni Banafunzi
314,érémi Nureni Banafunzi,auteur/réalisateur,H,érémi Nureni Banafunzi
315,érémi Nureni Banafunzi,auteur/réalisateur,H,érémi Nureni Banafunzi
316,érémi Nureni Banafunzi,auteur/réalisateur,H,érémi Nureni Banafunzi
317,érémi Nureni Banafunzi,auteur/réalisateur,H,érémi Nureni Banafunzi
318,érémi Nureni Banafunzi,auteur/réalisateur,H,érémi Nureni Banafunzi
319,érémi Nureni Banafunzi,auteur/réalisateur,H,érémi Nureni Banafunzi
320,érémi Nureni Banafunzi,auteur/réalisateur,H,érémi Nureni Banafunzi
321,érémi Nureni Banafunzi,auteur/réalisateur,H,érémi Nureni Banafunzi
322,érémi Nureni Banafunzi,auteur/réalisateur,H,érémi Nureni Banafunzi
323,érémi Nureni Banafunzi,auteur/réalisateur,H,érémi Nureni Banafunzi
324,érémi Nureni Banafunzi,auteur/réalisateur,H,érémi Nureni Banafunzi
325,érémi Nureni Banafunzi,auteur/réalisateur,H,érémi Nureni Banafunzi
326,érémi Nureni Banafunzi,auteur/réalisateur,H,érémi Nureni Banafunzi
327,érémi Nureni Banafunzi,auteur/réalisateur,H,érémi Nureni Banafunzi
328,érémi Nureni Banafunzi,auteur/réalisateur,H,érémi Nureni Banafunzi
329,érémi Nureni Banafunzi,auteur/réalisateur,H,érémi Nureni Banafunzi
330,érémi Nureni Banafunzi,auteur/réalisateur,H,érémi Nureni Banafunzi
331,érémi Nureni Banafunzi,auteur/réalisateur,H,érémi Nureni Banafunzi
332,érémi Nureni Banafunzi,auteur/réalisateur,H,érémi Nureni Banafunzi
333,érémi Nureni Banafunzi,auteur/réalisateur,H,érémi Nureni Banafunzi
334,érémi Nureni Banafunzi,auteur/réalisateur,H,érémi Nureni Banafunzi
335,érémi Nureni Banafunzi,auteur/réalisateur,H,érémi Nureni Banafunzi
336,érémi Nureni Banafunzi,auteur/réalisateur,H,érémi Nureni Banafunzi
337,érémi Nureni Banafunzi,auteur/réalisateur,H,érémi Nureni Banafunzi
338,érémi Nureni Banafunzi,auteur/réalisateur,H,érémi Nureni Banafunzi
339,érémi Nureni Banafunzi,auteur/réalisateur,H,érémi Nureni Banafunzi
340,érémi Nureni Banafunzi,auteur/réalisateur,H,érémi Nureni Banafunzi
341,érémi Nureni Banafunzi,auteur/réalisateur,H,érémi Nureni Banafunzi
342,érémi Nureni Banafunzi,auteur/réalisateur,H,érémi Nureni Banafunzi
343,érémi Nureni Banafunzi,auteur/réalisateur,H,érémi Nureni Banafunzi
344,érémi Nureni Banafunzi,auteur/réalisateur,H,érémi Nureni Banafunzi
345,érémi Nureni Banafunzi,auteur/réalisateur,H,érémi Nureni Banafunzi
346,érémi Nureni Banafunzi,auteur/réalisateur,H,érémi Nureni Banafunzi
347,érémi Nureni Banafunzi,auteur/réalisateur,H,érémi Nureni Banafunzi
348,érémi Nureni Banafunzi,auteur/réalisateur,H,érémi Nureni Banafunzi
349,érémi Nureni Banafunzi,auteur/réalisateur,H,érémi Nureni Banafunzi
350,érémi Nureni Banafunzi,auteur/réalisateur,H,érémi Nureni Banafunzi
351,érémi Nureni Banafunzi,auteur/réalisateur,H,érémi Nureni Banafunzi
352,érémi Nureni Banafunzi,auteur/réalisateur,H,érémi Nureni Banafunzi
353,érémi Nureni Banafunzi,auteur/réalisateur,H,érémi Nureni Banafunzi
354,érémi Nureni Banafunzi,auteur/réalisateur,H,érémi Nureni Banafunzi
355,érémi Nureni Banafunzi,auteur/réalisateur,H,érémi Nureni Banafunzi
356,érémi Nureni Banafunzi,auteur/réalisateur,H,érémi Nureni Banafunzi
357,érémi Nureni Banafunzi,auteur/réalisateur,H,érémi Nureni Banafunzi
358,érémi Nureni Banafunzi,auteur/réalisateur,H,érémi Nureni Banafunzi
359,érémi Nureni Banafunzi,auteur/réalisateur,H,érémi Nureni Banafunzi
360,érémi Nureni Banafunzi,auteur/réalisateur,H,érémi Nureni Banafunzi
361,érémi Nureni Banafunzi,auteur/réalisateur,H,érémi Nureni Banafunzi
362,érémi Nureni Banafunzi,auteur/réalisateur,H,érémi Nureni Banafunzi
363,érémi Nureni Banafunzi,auteur/réalisateur,H,érémi Nureni Banafunzi
364,érémi Nureni Banafunzi,auteur/réalisateur,H,érémi Nureni Banafunzi
365,érémi Nureni Banafunzi,auteur/réalisateur,H,érémi Nureni Banafunzi
366,érémi Nureni Banafunzi,auteur/réalisateur,H,érémi Nureni Banafunzi
367,érémi Nureni Banafunzi,auteur/réalisateur,H,érémi Nureni Banafunzi
368,érémi Nureni Banafunzi,auteur/réalisateur,H,érémi Nureni Banafunzi
369,érémi Nureni Banafunzi,auteur/réalisateur,H,érémi Nureni Banafunzi
370,érémi Nureni Banafunzi,auteur/réalisateur,H,érémi Nureni Banafunzi
371,érémi Nureni Banafunzi,auteur/réalisateur,H,érémi Nureni Banafunzi
372,érémi Nureni Banafunzi,auteur/réalisateur,H,érémi Nureni Banafunzi
373,érémi Nureni Banafunzi,auteur/réalisateur,H,érémi Nureni Banafunzi
374,érémi Nureni Banafunzi,auteur/réalisateur,H,érémi Nureni Banafunzi
375,nsp,NSP,AD,AD
376,érémi Nureni Banafunzi,auteur/réalisateur,H,érémi Nureni Banafunzi
377,érémi Nureni Banafunzi,auteur/réalisateur,H,érémi Nureni Banafunzi
378,érémi Nureni Banafunzi,auteur/réalisateur,H,érémi Nureni Banafunzi
379,érémi Nureni Banafunzi,auteur/réalisateur,H,érémi Nureni Banafunzi
380,érémi Nureni Banafunzi,auteur/réalisateur,H,érémi Nureni Banafunzi
381,érémi Nureni Banafunzi,auteur/réalisateur,H,érémi Nureni Banafunzi
382,érémi Nureni Banafunzi,auteur/réalisateur,H,érémi Nureni Banafunzi
383,érémi Nureni Banafunzi,auteur/réalisateur,H,érémi Nureni Banafunzi
384,érémi Nureni Banafunzi,auteur/réalisateur,H,érémi Nureni Banafunzi
385,érémi Nureni Banafunzi,auteur/réalisateur,H,érémi Nureni Banafunzi
386,érémi Nureni Banafunzi,auteur/réalisateur,H,érémi Nureni Banafunzi
387,érémi Nureni Banafunzi,auteur/réalisateur,H,érémi Nureni Banafunzi
388,érémi Nureni Banafunzi,auteur/réalisateur,H,érémi Nureni Banafunzi
389,érémi Nureni Banafunzi,auteur/réalisateur,H,érémi Nureni Banafunzi
390,érémi Nureni Banafunzi,auteur/réalisateur,H,érémi Nureni Banafunzi
391,érémi Nureni Banafunzi,auteur/réalisateur,H,érémi Nureni Banafunzi
392,érémi Nureni Banafunzi,auteur/réalisateur,H,érémi Nureni Banafunzi
393,érémi Nureni Banafunzi,auteur/réalisateur,H,érémi Nureni Banafunzi
394,érémi Nureni Banafunzi,auteur/réalisateur,H,érémi Nureni Banafunzi
395,érémi Nureni Banafunzi,auteur/réalisateur,H,érémi Nureni Banafunzi
396,érémi Nureni Banafunzi,auteur/réalisateur,H,érémi Nureni Banafunzi
397,érémi Nureni Banafunzi,auteur/réalisateur,H,érémi Nureni Banafunzi
398,érémi Nureni Banafunzi,auteur/réalisateur,H,érémi Nureni Banafunzi
399,érémi Nureni Banafunzi,auteur/réalisateur,H,érémi Nureni Banafunzi
400,érémi Nureni Banafunzi,auteur/réalisateur,H,érémi Nureni Banafunzi
401,érémi Nureni Banafunzi,auteur/réalisateur,H,érémi Nureni Banafunzi
402,érémi Nureni Banafunzi,auteur/réalisateur,H,érémi Nureni Banafunzi
403,érémi Nureni Banafunzi,auteur/réalisateur,H,érémi Nureni Banafunzi
404,érémi Nureni Banafunzi,auteur/réalisateur,H,érémi Nureni Banafunzi
405,érémi Nureni Banafunzi,auteur/réalisateur,H,érémi Nureni Banafunzi
406,érémi Nureni Banafunzi,auteur/réalisateur,H,érémi Nureni Banafunzi
407,érémi Nureni Banafunzi,auteur/réalisateur,H,érémi Nureni Banafunzi
408,érémi Nureni Banafunzi,auteur/réalisateur,H,érémi Nureni Banafunzi
409,érémi Nureni Banafunzi,auteur/réalisateur,H,érémi Nureni Banafunzi
410,érémi Nureni Banafunzi,auteur/réalisateur,H,érémi Nureni Banafunzi
411,érémi Nureni Banafunzi,auteur/réalisateur,H,érémi Nureni Banafunzi
412,nsp,NSP,AD,AD
413,érémi Nureni Banafunzi,auteur/réalisateur,H,érémi Nureni Banafunzi
414,érémi Nureni Banafunzi,auteur/réalisateur,H,érémi Nureni Banafunzi
415,érémi Nureni Banafunzi,auteur/réalisateur,H,érémi Nureni Banafunzi
416,érémi Nureni Banafunzi,auteur/réalisateur,H,érémi Nureni Banafunzi
417,érémi Nureni Banafunzi,auteur/réalisateur,H,érémi Nureni Banafunzi
418,érémi Nureni Banafunzi,auteur/réalisateur,H,érémi Nureni Banafunzi
419,érémi Nureni Banafunzi,auteur/réalisateur,H,érémi Nureni Banafunzi
420,érémi Nureni Banafunzi,auteur/réalisateur,H,érémi Nureni Banafunzi
421,érémi Nureni Banafunzi,auteur/réalisateur,H,érémi Nureni Banafunzi
422,érémi Nureni Banafunzi,auteur/réalisateur,H,érémi Nureni Banafunzi
423,érémi Nureni Banafunzi,auteur/réalisateur,H,érémi Nureni Banafunzi
424,érémi Nureni Banafunzi,auteur/réalisateur,H,érémi Nureni Banafunzi
425,érémi Nureni Banafunzi,auteur/réalisateur,H,érémi Nureni Banafunzi
426,nsp,NSP,AD,AD
427,érémi Nureni Banafunzi,auteur/réalisateur,H,érémi Nureni Banafunzi
428,Nicolas Gadagno,auteur/réalisateur,H+F,AD
429,érémi Nureni Banafunzi,auteur/réalisateur,H,érémi Nureni Banafunzi
430,Delphine Saltel,auteur/réalisateur,F,Delphine Saltel
431,érémi Nureni Banafunzi,auteur/réalisateur,H,érémi Nureni Banafunzi
432,érémi Nureni Banafunzi,auteur/réalisateur,H,érémi Nureni Banafunzi
433,érémi Nureni Banafunzi,auteur/réalisateur,H,érémi Nureni Banafunzi
434,érémi Nureni Banafunzi,auteur/réalisateur,H,érémi Nureni Banafunzi
435,érémi Nureni Banafunzi,auteur/réalisateur,H,érémi Nureni Banafunzi
436,érémi Nureni Banafunzi,auteur/réalisateur,H,érémi Nureni Banafunzi
437,érémi Nureni Banafunzi,auteur/réalisateur,H,érémi Nureni Banafunzi
438,érémi Nureni Banafunzi,auteur/réalisateur,H,érémi Nureni Banafunzi
439,érémi Nureni Banafunzi,auteur/réalisateur,H,érémi Nureni Banafunzi
440,érémi Nureni Banafunzi,auteur/réalisateur,H,érémi Nureni Banafunzi
441,érémi Nureni Banafunzi,auteur/réalisateur,H,érémi Nureni Banafunzi
442,érémi Nureni Banafunzi,auteur/réalisateur,H,érémi Nureni Banafunzi
443,érémi Nureni Banafunzi,auteur/réalisateur,H,érémi Nureni Banafunzi
444,érémi Nureni Banafunzi,auteur/réalisateur,H,érémi Nureni Banafunzi
445,érémi Nureni Banafunzi,auteur/réalisateur,H,érémi Nureni Banafunzi
446,érémi Nureni Banafunzi,auteur/réalisateur,H,érémi Nureni Banafunzi
447,érémi Nureni Banafunzi,auteur/réalisateur,H,érémi Nureni Banafunzi
448,érémi Nureni Banafunzi,auteur/réalisateur,H,érémi Nureni Banafunzi
449,érémi Nureni Banafunzi,auteur/réalisateur,H,érémi Nureni Banafunzi
450,érémi Nureni Banafunzi,auteur/réalisateur,H,érémi Nureni Banafunzi
451,érémi Nureni Banafunzi,auteur/réalisateur,H,érémi Nureni Banafunzi
452,érémi Nureni Banafunzi,auteur/réalisateur,H,érémi Nureni Banafunzi
453,érémi Nureni Banafunzi,auteur/réalisateur,H,érémi Nureni Banafunzi
454,érémi Nureni Banafunzi,auteur/réalisateur,H,érémi Nureni Banafunzi
455,érémi Nureni Banafunzi,auteur/réalisateur,H,érémi Nureni Banafunzi
456,érémi Nureni Banafunzi,auteur/réalisateur,H,érémi Nureni Banafunzi
457,érémi Nureni Banafunzi,auteur/réalisateur,H,érémi Nureni Banafunzi
458,érémi Nureni Banafunzi,auteur/réalisateur,H,érémi Nureni Banafunzi
459,érémi Nureni Banafunzi,auteur/réalisateur,H,érémi Nureni Banafunzi
460,érémi Nureni Banafunzi,auteur/réalisateur,H,érémi Nureni Banafunzi
461,érémi Nureni Banafunzi,auteur/réalisateur,H,érémi Nureni Banafunzi
462,érémi Nureni Banafunzi,auteur/réalisateur,H,érémi Nureni Banafunzi
463,érémi Nureni Banafunzi,auteur/réalisateur,H,érémi Nureni Banafunzi
464,érémi Nureni Banafunzi,auteur/réalisateur,H,érémi Nureni Banafunzi
465,érémi Nureni Banafunzi,auteur/réalisateur,H,érémi Nureni Banafunzi
466,érémi Nureni Banafunzi,auteur/réalisateur,H,érémi Nureni Banafunzi
467,érémi Nureni Banafunzi,auteur/réalisateur,H,érémi Nureni Banafunzi
468,érémi Nureni Banafunzi,auteur/réalisateur,H,érémi Nureni Banafunzi
469,érémi Nureni Banafunzi,auteur/réalisateur,H,érémi Nureni Banafunzi
470,érémi Nureni Banafunzi,auteur/réalisateur,H,érémi Nureni Banafunzi
471,érémi Nureni Banafunzi,auteur/réalisateur,H,érémi Nureni Banafunzi
472,érémi Nureni Banafunzi,auteur/réalisateur,H,érémi Nureni Banafunzi
473,érémi Nureni Banafunzi,auteur/réalisateur,H,érémi Nureni Banafunzi
474,érémi Nureni Banafunzi,auteur/réalisateur,H,érémi Nureni Banafunzi
475,érémi Nureni Banafunzi,auteur/réalisateur,H,érémi Nureni Banafunzi
476,érémi Nureni Banafunzi,auteur/réalisateur,H,érémi Nureni Banafunzi
477,érémi Nureni Banafunzi,auteur/réalisateur,H,érémi Nureni Banafunzi
478,érémi Nureni Banafunzi,auteur/réalisateur,H,érémi Nureni Banafunzi
479,érémi Nureni Banafunzi,auteur/réalisateur,H,érémi Nureni Banafunzi
480,érémi Nureni Banafunzi,auteur/réalisateur,H,érémi Nureni Banafunzi
481,érémi Nureni Banafunzi,auteur/réalisateur,H,érémi Nureni Banafunzi
482,érémi Nureni Banafunzi,auteur/réalisateur,H,érémi Nureni Banafunzi
483,érémi Nureni Banafunzi,auteur/réalisateur,H,érémi Nureni Banafunzi
484,érémi Nureni Banafunzi,auteur/réalisateur,H,érémi Nureni Banafunzi
485,érémi Nureni Banafunzi,auteur/réalisateur,H,érémi Nureni Banafunzi
486,érémi Nureni Banafunzi,auteur/réalisateur,H,érémi Nureni Banafunzi
487,érémi Nureni Banafunzi,auteur/réalisateur,H,érémi Nureni Banafunzi
488,érémi Nureni Banafunzi,auteur/réalisateur,H,érémi Nureni Banafunzi
489,érémi Nureni Banafunzi,auteur/réalisateur,H,érémi Nureni Banafunzi
490,érémi Nureni Banafunzi,auteur/réalisateur,H,érémi Nureni Banafunzi
491,érémi Nureni Banafunzi,auteur/réalisateur,H,érémi Nureni Banafunzi
492,érémi Nureni Banafunzi,auteur/réalisateur,H,érémi Nureni Banafunzi
493,érémi Nureni Banafunzi,auteur/réalisateur,H,érémi Nureni Banafunzi
494,érémi Nureni Banafunzi,auteur/réalisateur,H,érémi Nureni Banafunzi
495,érémi Nureni Banafunzi,auteur/réalisateur,H,érémi Nureni Banafunzi
496,érémi Nureni Banafunzi,auteur/réalisateur,H,érémi Nureni Banafunzi
497,érémi Nureni Banafunzi,auteur/réalisateur,H,érémi Nureni Banafunzi
498,érémi Nureni Banafunzi,auteur/réalisateur,H,érémi Nureni Banafunzi
499,érémi Nureni Banafunzi,auteur/réalisateur,H,érémi Nureni Banafunzi
500,érémi Nureni Banafunzi,auteur/réalisateur,H,érémi Nureni Banafunzi
501,érémi Nureni Banafunzi,auteur/réalisateur,H,érémi Nureni Banafunzi
502,érémi Nureni Banafunzi,auteur/réalisateur,H,érémi Nureni Banafunzi
503,érémi Nureni Banafunzi,auteur/réalisateur,H,érémi Nureni Banafunzi
504,érémi Nureni Banafunzi,auteur/réalisateur,H,érémi Nureni Banafunzi
505,érémi Nureni Banafunzi,auteur/réalisateur,H,érémi Nureni Banafunzi
506,érémi Nureni Banafunzi,auteur/réalisateur,H,érémi Nureni Banafunzi
507,érémi Nureni Banafunzi,auteur/réalisateur,H,érémi Nureni Banafunzi
508,érémi Nureni Banafunzi,auteur/réalisateur,H,érémi Nureni Banafunzi
509,érémi Nureni Banafunzi,auteur/réalisateur,H,érémi Nureni Banafunzi
510,érémi Nureni Banafunzi,auteur/réalisateur,H,érémi Nureni Banafunzi
511,érémi Nureni Banafunzi,auteur/réalisateur,H,érémi Nureni Banafunzi
512,érémi Nureni Banafunzi,auteur/réalisateur,H,érémi Nureni Banafunzi
513,érémi Nureni Banafunzi,auteur/réalisateur,H,érémi Nureni Banafunzi
514,érémi Nureni Banafunzi,auteur/réalisateur,H,érémi Nureni Banafunzi
515,érémi Nureni Banafunzi,auteur/réalisateur,H,érémi Nureni Banafunzi
516,érémi Nureni Banafunzi,auteur/réalisateur,H,érémi Nureni Banafunzi
517,érémi Nureni Banafunzi,auteur/réalisateur,H,érémi Nureni Banafunzi
518,érémi Nureni Banafunzi,auteur/réalisateur,H,érémi Nureni Banafunzi
519,érémi Nureni Banafunzi,auteur/réalisateur,H,érémi Nureni Banafunzi
520,AD,AD,AD,AD
521,érémi Nureni Banafunzi,auteur/réalisateur,H,érémi Nureni Banafunzi
522,érémi Nureni Banafunzi,auteur/réalisateur,H,érémi Nureni Banafunzi
523,érémi Nureni Banafunzi,auteur/réalisateur,H,érémi Nureni Banafunzi
524,érémi Nureni Banafunzi,auteur/réalisateur,H,érémi Nureni Banafunzi
525,érémi Nureni Banafunzi,auteur/réalisateur,H,érémi Nureni Banafunzi
526,érémi Nureni Banafunzi,auteur/réalisateur,H,érémi Nureni Banafunzi
527,érémi Nureni Banafunzi,auteur/réalisateur,H,érémi Nureni Banafunzi
528,érémi Nureni Banafunzi,auteur/réalisateur,H,érémi Nureni Banafunzi
529,érémi Nureni Banafunzi,auteur/réalisateur,H,érémi Nureni Banafunzi
530,érémi Nureni Banafunzi,auteur/réalisateur,H,érémi Nureni Banafunzi
531,érémi Nureni Banafunzi,auteur/réalisateur,H,érémi Nureni Banafunzi
532,AD,amateur/concerné,AD,AD
533,Antoine & Michael,AD,H,Antoine & Michael
534,AD,AD,H+F,AD
535,rédaction,Rédaction,AD,AD
536,rédaction,Rédaction,AD,AD
537,Merry Royer,auteur/réalisateur,F,Merry Royer
538,"Nadia DAAM, journaliste",Journaliste,AD,AD
539,AD,AD,AD,AD
540,AD,AD,AD,AD
541,Jeanne Robet ,auteur/réalisateur,F,Jeanne Robet 
542,Sylvain Gire,auteur/réalisateur,H,Sylvain Gire
543,rédaction,Rédaction,AD,AD
544,Thomas VDB,NSP,AD,AD
545,"Abdallah SOIDRI, journaliste, Konbini",Journaliste,AD,"Abdallah SOIDRI, journaliste, Konbini"
546,"Lauren BASTIDE, journaliste",Journaliste,AD,AD
547,Antoine & Michael,AD,H,Antoine & Michael
548,Aymeric,Studio de podcast,AD,AD
549,"Johnathan LEhmann, ancien avocat d'affaires, animateur de communauté de médiation ",Autres,AD,AD
550,Laetitia Druart,auteur/réalisateur,F,Laetitia Druart
551,"Antoine PMB, animateur, cofondateur Fréquence moderne, Julie Anna, scénariste, Sarah, chroniqueuse",Studio de podcast,AD,AD
552,Klaire fait Grr,auteur/réalisateur,H,Klaire fait Grr
553,"Matthieu STEFANI, entrepreneur",professionnel secteur,AD,AD
554,Fabienne Laumonier,auteur/réalisateur,F,Fabienne Laumonier
555,non précisé,NSP,AD,AD
556,"Aymeric, sousX",Studio de podcast,AD,AD
557,rédaction,Rédaction,AD,AD
558,Pascale Pascariello,auteur/réalisateur,F,Pascale Pascariello
559,rédaction,Rédaction,AD,AD
560,Noémie et Simon,NSP,AD,AD
561,variable selon épisode,auteur/réalisateur,H+F,variable selon épisode
562,AD,amateur/concerné,AD,AD
563,"Luc LE GONIDEC,  Rédacteur Chef, monteur son, Host Podcast cinéma ""Retour vers le Turfu"" ""#Shitlist"" et du podcast série ""Le Début de la Fin"" ",Studio de podcast,AD,AD
564,David Commeillas et Samuel Hirsch,auteur/réalisateur,H,David Commeillas et Samuel Hirsch
565,Elidie Font,auteur/réalisateur,F,Elodie Font
566,"Andréane MESLARD, journaliste",Journaliste,AD,AD
567,rédaction,Rédaction,AD,AD
568,AD,AD,AD,AD
569,rédaction,Rédaction,AD,AD
570,Agathe Auproux et Patrice Boisfer.,NSP,AD,AD
571,Chrystelle Bonnet (présentation),Rédaction,F,Chrystelle BONNET
572,"Juliette LIVARTOWSKI, productrice Binge audio",Studio de podcast,AD,AD
573,Clément Baudet,auteur/réalisateur,H,Clément Baudet
574,Elodie Font et Klaire fait Grr,auteur/réalisateur,F,Elodie Font et Klaire fait Grr
575,"Adrien GARCIA, designer",professionnel secteur,AD,AD
576,"Emeline AMETIS, journaliste",Journaliste,AD,AD
577,"Guillaume ERNER, journaliste",Journaliste,AD,AD
578,"Victoire TUAILLON, journaliste, autrice",Journaliste,AD,AD
579,"Thomas ROZEC, rédac chef, Binge",Journaliste,AD,AD
580,"Charlotte Bienaimé, née en 1984, est une documentariste, productrice et animatrice de radio française. Ses émissions traitent de sujets de société. Elle est productrice déléguée à l'émission Les Pieds sur terre sur France Culture. ",auteur/réalisateur,F,AD
581,"Mélanie WANGA, journaliste, Kévi DONAT, conférencier, podcasteur, François OULAC, journaliste, podcasteurn manager éditorial Cafeyin",Journaliste,AD,AD
582,"David Castello Lopes, Thomas Croisière",NSP,AD,AD
583,Marvin et Arzhel,NSP,AD,AD
584,"Youssoupha Diaby, Hakim Jemili, Jérémie Dethelot et Geronimo Beats ",NSP,AD,AD
585,"Clémentine GALLOT, journaliste freelance",Journaliste,AD,"Clémentine GALLOT, journaliste freelance"
586,"Dass, Bastos, Potrel, Guendouille, Mat",NSP,AD,AD
587,AD,Rédaction,H+F,AD
588,"Marie Misset, journaliste",Journaliste,AD,"Marie Misset, journaliste"
589,rédaction,Rédaction,AD,AD
590,"Stephan SOUMAH, étudiant en com politique?",étudiant.e.s,AD,AD
591,"Grégoire Molle

",auteur/réalisateur,H,"Grégoire Molle

"
592,Fabien Benoit,Journaliste,H,Fabien Benoit
593,"Emilie LAYSTARY, journaliste",Journaliste,AD,"Emilie LAYSTARY, journaliste"
594,Comité CDG,NSP,AD,AD
595,Pauline Boulet,auteur/réalisateur,F,Pauline Boulet
596,Sabrina Seddiki,auteur/réalisateur,F,Sabrina Seddiki
597,Alexandra Vardi,auteur/réalisateur,F,Alexandra Vardi
598,"Thibaut SCHEPMAN, journaliste",Journaliste,AD,AD
599,journalistes de la rédaction,Rédaction,H,Multiples
600,Medhi Maizi,NSP,AD,AD
601,"Maureen Wilson et Marion Girard (production), Charlotte Pudlowski (écriture)",auteur/réalisateur,AD,AD
602, Nina Almberg,auteur/réalisateur,F, Nina Almberg
603,"Zazie TAVITIAN, chroniqueuse, Radio France",Journaliste,AD,AD
604,Margaux Duquesne,auteur/réalisateur,F,Margaux Duquesne
605,"Ashley TOLA, productrice Nouvelles Ecoutes",Studio de podcast,AD,"Ashley TOLA, productrice Nouvelles Ecoutes"
606,Xavier Colombani (présentation),Rédaction,H,Xavier COLOMBANI
607,Andréa Etondè,auteur/réalisateur,F,Andréa Etondè
608,Michael,Journaliste,H,Michael
609,"Aymeric, Emilie, Grandpoil, Julien, Pomme, Urd",Studio de podcast,AD,AD
610,"Bintou Diarra

",auteur/réalisateur,F,"Bintou Diarra

"
611,"Lucile BELLAN, journaliste freelance",Journaliste,AD,AD
612,Caroline Hamelle,AD,F,Caroline Hamelle
613,quatre chroniqueurs,Journaliste,AD,AD
614,Valérie Tribes,AD,F,Valérie Tribes
615,"Anne-Cécile GENRE, journaliste, réalisatrice",Journaliste,AD,AD
616,"Karine Le Loët

",auteur/réalisateur,F,"Karine Le Loët

"
617,"Grégory RAYMOND, journaliste Capital",Journaliste,AD,AD
618,"Anne-Laetitia Béraud, journaliste 20 minute",Journaliste,F,Anne-Laetitia Béraud
619,AD,AD,AD,AD
620,journalistes de la rédaction,Rédaction,F,Mutliples
621,Delphine Saltel,auteur/réalisateur,F,Delphine Saltel
622,Laura Raim,auteur/réalisateur,F,Laura Raim
623,Olivier Ceyrac,Journaliste,H,Olivier Ceyrac
624,Patrick et Stephan,NSP,AD,AD
625,"Sophie-Marie LARROUY, journaliste, comédienne, scénariste",Journaliste,AD,AD
626,AD,amateur/concerné,AD,AD
627,Isabelle Coutant & Mehdi Ahoudig,auteur/réalisateur,H+F,Isabelle Coutant & Mehdi Ahoudig
628,non précisé,NSP,AD,AD
629,nsp marque?,NSP,AD,AD
630,Eric & Quentin,Artiste,AD,AD
631,nsp,NSP,F,AD
632,Léa Minod,auteur/réalisateur,F,Léa Minod
633,rédaction,Rédaction,AD,AD
634,"Caroline  LANGLOIS, enseignante, journaliste podcasteuse",Journaliste,AD,AD
635,"Julien CERNOBORI, journaliste",Journaliste,AD,AD
636,AD,AD,AD,AD
637,David Balsamo,amateur/concerné,H,David Balsamo
638, Géraldine Gacon,auteur/réalisateur,F, Géraldine Gacon
639,"Marion ROUCHEUX, Marine DEFFRENNES, journalistes",Journaliste,AD,AD
640,"Eric METTOUT, journaliste",Journaliste,H,Eric METTOUT
641,"Aymeric, Benoit, Fab, Julien, Hugo",Studio de podcast,AD,AD
642,"Thomas LEGRAND, journaliste",Journaliste,AD,AD
643,nsp,NSP,AD,AD
644,"Sylvia AMICONE, journaliste LCI",Journaliste,AD,AD
645,Romain Goulomès (animation),Journaliste,AD,AD
646,Romain Goulomès (animation),Journaliste,AD,AD
647,Léa Chevrier et Nicolas Vair (réalisation),auteur/réalisateur,AD,AD
648,"Nicolas MARTIN, journaliste",Journaliste,AD,AD
649,AD,AD,AD,AD
650,"Charline ROUX, journaliste",Journaliste,AD,AD
651,rédaction,Rédaction,AD,AD
652,"Jeanne BOEZEC, journaliste et productrice de podcasts",Journaliste,AD,AD
653,rédaction,Rédaction,AD,AD
654,rédaction,Rédaction,AD,AD
655,"Thibault TOURVIEILLE DE LABROUHE, directeur, Supernatifs",professionnel secteur,AD,AD
656,Pascaline Potdevin,Journaliste,F,Pascaline Potdevin
657,"Anne-Laetitia Béraud, journaliste 20 minute",Journaliste,AD,AD
658,"Emmanuel MARTIN,  économiste","Prof, chercheurs",AD,"Emmanuel MARTIN,  économiste"
659,nsp,NSP,H,AD
660,nsp,NSP,H,AD
661,nsp,NSP,AD,AD
662,rédaction,Rédaction,AD,AD
663,Bigaston,AD,AD,Bigaston
664,"Jérôme VERMELIN, rédac chef adjointl LCI",Journaliste,AD,AD
665,Olivier Minot carrière radio,auteur/réalisateur,H,AD
666,"Noémie MARIJON, bibliothécaire, podcasteuse, Valérie-Anne MAITRE, journaliste multimédia",Journaliste,AD,AD
667,"Anouk PERRY, podcasteuse indépendante",auteur/réalisateur,AD,AD
668,Sophie Simonet,auteur/réalisateur,F,Sophie Simonet
669,"Marin LOUIS, rédactrice en chef adjointe madame Figaro",Journaliste,AD,AD
670,rédaction,Rédaction,H,AD
671,"Grace LY, écrivaine, militante, Rokhaya DIALLO, journaliste",Journaliste,AD,AD
672, Rodolphe Alexis,auteur/réalisateur,H, Rodolphe Alexis
673,nsp marque?,NSP,AD,AD
674,Aimée Cymbalista,auteur/réalisateur,F,Aimée Cymbalista
675,"Jennifer PADJEMI, journaliste, auteure",Journaliste,AD,AD
676,"Dalila KERCHOUCHE, grand reporter madame Figaro",Journaliste,AD,AD
677,nsp marque?,NSP,AD,AD
678,Cécile Cozzolino,auteur/réalisateur,F,Cécile Cozzolino
679,"Emilie VIDAUD, journalite éco",Journaliste,AD,AD
680,rédaction,rédaction,AD,AD
681,équipe Journal du Golf,Rédaction,H,AD
682,nsp marque?,NSP,AD,AD
683,nsp marque?,NSP,AD,AD
684,Thomas VDB,Artiste,AD,AD
685,"Lise LOUME, Hugo JALINERE, journalistes",Journaliste,H+F,"Lise LOUME, Hugi JALINIERE"
686,"Clara BENYAMIN, avocate",professionnel secteur,AD,AD
687,Emilie,Studio de podcast,AD,AD
688,Anouk Perry,auteur/réalisateur,F,Anouk Perry
689,nsp,Journaliste,H+F,AD
690,Jean-Philippe LOUIS,Journaliste,H,Jean-Philippe LOUIS
691,rédaction,Rédaction,AD,AD
692,"Alain CARRAZÉ, auteur, journaliste",Journaliste,AD,AD
693,rédaction,Rédaction,AD,AD
694,"Pascal MESSAOUDI, documenariste sonore et chroniqueur Marsactu",auteur/réalisateur,AD,AD
695,nsp,nsp,AD,AD
696,"Anaïs BOURDET, militante, Zazem, militante, Margaïd QUIOC, journaliste",Activiste/associatif,AD,AD
697,"Andy DAVID, journaliste Auto moto",Journaliste,H,Andy DAVID
698,"Simon LAMBERT, photographe, Jeanne BOEZEC, journaliste et productrice",Journaliste,AD,AD
699,"Karine  FOUGERAY (dite ""La Malouine""), auteure, podcasteuse",auteur/réalisateur,F,Karine FOUGERAY
700,Claire Latxague,auteur/réalisateur,F,Claire Latxague
701,"Victoire TUAILLON, journaliste, autrice",Journaliste,AD,AD
702,"Rebecca, journaliste",Journaliste,AD,AD
703,rédaction,Rédaction,AD,AD
704,Quentin Périnel (présentation),Rédaction,H,Quentin PERINEL
705,Gabriel Macé.,Journaliste,H,Gabriel Macé
706,Vincent Lucchese,Journaliste,H,Vincent Lucchese
707,Jane Birmant,auteur/réalisateur,F,Jane Birmant
708,Céline Augie,professionnel secteur,F,Céline Augie
709,Ségolène,AD,F,Ségolène
710,Professeur Copens,professionnel secteur,H,Professeur Copens
711,"Pénélope BOEUF, fondatrice studio la toile sur écoute",auteur/réalisateur,AD,AD
712,"Thomas MESSIAS, journaliste freelance",Journaliste,AD,AD
713,"Taous MERAKCHI, alias Jack PARKET, rédactrice web, autrice",Artiste,AD,AD
714,AD,amateur/concerné,AD,AD
715,Inès Edel-Garcia,auteur/réalisateur,F,Inès Edel-Garcia
716,"Anne-Cécile GENRE, journaliste, réalisatrice, Théo BOULENGER, réalisateur, compositeur, auteur sonore",Journaliste,AD,AD
717,"Clémentine PORTIER-KALTENBACH, journaliste",Journaliste,AD,AD
718,AD,AD,F,AD
719,"Michel Winock, historien","Prof, chercheurs",H,Pierre Hancisse
720,"Alexandre MOGNOL, auteur réalisateur sonore indépendant",auteur/réalisateur,AD,AD
721,AD,AD,F,AD
722,Olivier Thomas,Journaliste,H,Olivier Thomas
723,AD,AD,AD,AD
724,"VARIABLE, journalistes de la rédaction, équipes de l'édition du soir",Rédaction,H+F,Mutiples
725,"Alice DEROIDE, journaliste, productrice de podcast",Journaliste,AD,AD
726,"Andrea BRUSQUE, comédienne",Artiste,AD,AD
727,non précisé,NSP,AD,AD
728,"Hervé HAUTBOLDT, journaliste",Journaliste,H,Hervé HAUBOLDT
729,rédaction,Rédaction,H,Denis VERNET
730,journalistes de la rédaction,Rédaction,F,Laurence SZABASON
731,non précisé,Studio de podcast,AD,AD
732,"Cléo HENIN, cheffe de projet freelance",amateur/concerné,F,"Cléo HENIN, cheffe de projet freelance"
733,journalistes de la rédaction,Rédaction,H,Multiples
734,rédaction,Rédaction,AD,AD
735,nsp,NSP,AD,AD
736,nsp,nsp,H,AD
737,"Pénélope BOEUF, fondatrice studio la toile sur écoute",auteur/réalisateur,AD,AD
738,"un podcast présenté par Brune Bottero. Réalisation et création sonore : Nicolas Vair, Marine Quéméré, Charles de Cillia · Générique : Nicolas de Gelis · Illustration : Jean Mallard",auteur/réalisateur,AD,AD
739,"Arnaud MANZANINI, athlète, auteur",amateur/concerné,H,"Arnaud MANZANINI, athlète, auteur"
740,Cédric Calandraud,auteur/réalisateur,H,Cédric Calandraud
741,nsp,NSP,AD,AD
742,Stéphane Basset,NSP,AD,AD
743,expert Lapeyre,professionnel secteur,AD,AD
744,Aurore Le Bihan,auteur/réalisateur,F,Aurore Le Bihan
745,non précisé,NSP,AD,AD
746,"Un podcast produit et animé par Alexandre Jubelin, et édité et distribué par Binge audio.

Boutique : https://le-collimateur.myspreadshop.fr/",Journaliste,H,Alexandre Jubelin
747,"Céline Martelet : Journaliste indépendante, elle travaille auprès de Médiapart, Radio France, la RTS, La Libre Belgique ou encore Middle East Eye. Elle a publié plusieurs enquêtes sur le terrorisme, et réalisé de nombreux podcasts, notamment : « La cage : une française dans le djihad. » en 2019 sur ARTE Radio",Journaliste,F,Céline Martelet
748,"Cyrielle BEDU, écriture et interviews, journaliste",Journaliste,AD,AD
749,"Justin BLANCKAERT, comédien",Artiste,AD,AD
750,AD,AD,AD,AD
751,"Audrey, Zu, Nimp, GrandPoil, Pomme",Studio de podcast,AD,AD
752,"Herveline DENIS, marketing digital",Autres,AD,AD
753,non précisé,NSP,AD,AD
754,Anne-Sophie Lepicard,auteur/réalisateur,F,Anne-Sophie Lepicard
755,nsp,NSP,AD,AD
756,des journalistes du service sport,Rédaction,H,Jean-Pierre DORIAN
757,"Victoire DE LA MAISONNEUVE, aujourd'hui global head of podcast and audiobooks chez Deezer",Studio de podcast,F,Victoire DE LA MAISONNEUVE
758,rédaction,Rédaction,AD,AD
759,Emmanuel Peudon,amateur/concerné,H,Emmanuel Peudon
760,rédaction,Rédaction,AD,AD
761,Laure Chatrefou,auteur/réalisateur,F,Laure Chatrefou
762,Vivian,NSP,AD,AD
763,Elise Costa journaliste spécialisée judiciaire,auteur/réalisateur,F,AD
764,AD,AD,AD,AD
765,rédaction,Rédaction,AD,AD
766,NSP,Rédaction,H,AD
767,AD,AD,AD,AD
768,"Virginie DE ROCQUIGNY, Anouk EDMONT, journalistess (hors Télégramme)",Journaliste,F,AD
769,rédactiion,nsp,H,Multiples
770,Pauline FERCOT (réalisation),Rédaction,F,Pauline FERCOT
771,"César COMPADRE, Mathieu HERVE, journalistes de la rédaction",Journaliste,H,AD
772,Brice Bossavie (présentation),Rédaction,H,Brice BOSSAVIE
773,"Aude LORRIAUX, journaliste freelance, Nassira EL MOADDEM, journaliste freelance, Marie KIRSCHEN, rédac chef les Inrockuptibles",Journaliste,AD,AD
774,"Sébastien ABDELHAMID, journaliste, animateur",Journaliste,AD,AD
775,"Clarence Edgard-Rosa, journaliste",Journaliste,F,Clarence EDGARD-ROSA
776,"Matthieu STEFANI, entrepreneur",professionnel secteur,AD,AD
777,variable,Rédaction,H+F,Multiples
778,l'équipe de Territoires audacieux,Rédaction,F,AD
779,"VARIABLE, journalistes de la rédaction",Rédaction,H,Multiples
780,variable,Rédaction,H+F,"Maëliss HENNETIER, Damien Le Délézir"
781,"Cédric VILLANI, ",professionnel secteur,H,"Cédric VILLANI, "
782,"Mathilde BOUYCHOU, psychologue clinicienne",professionnel secteur,F,"Mathilde BOUYCHOU, psychologue clinicienne"
783,nsp,nsp,AD,AD
784,AD,AD,AD,AD
785,rédaction,Rédaction,F,AD
786,pôle événement de Ouest France,Autres,H,Multiples
787,"Maxime NAUCHE, journaliste",Journaliste,AD,AD
788,"Marine DITTA, journaliste à la rédaction numérique, itw ses collègues",Rédaction,F,Marine DITTA
789,"Mathias CHAILLOT, journaliste indépendant et auteur (animation",Journaliste,AD,AD
790,non précisé,NSP,AD,AD
791,"Franck FERRAND, animateur",Journaliste,H,Franck FERRAND
792,rédaction,Rédaction,AD,AD
793,rédaction,Rédaction,H,Multiples
794,"Bruno LUS, Valentin LEROUX, journaliste",Journaliste,AD,AD
795,"Cyrielle LE MOIGNE-TOLBA, ""Développeuse d'histoires, chercheuse de pépites à raconter""",auteur/réalisateur,AD,AD
796,"Jean-Hervé MOYSAN, journaliste",Journaliste,AD,AD
797,rédaction,Rédaction,F,AD
798,Adèle Poisson,auteur/réalisateur,F,Adèle Poisson
799,Guillaume Duseaux,Rédaction,H,Guillaume DUSEAUX
800,rédaction,Rédaction,AD,AD
801,Ben,NSP,AD,AD
802,Fabien CAZENAVE (animation),Rédaction,H,Fabien CAZENAVE
803,"Christophe CESSIEUX, journaliste",Journaliste,AD,AD
804,"Adèle Gallet, cofondatrice Ticket for change",Activiste/associatif,AD,AD
805,"Maëlle, atteinte d'un cancer du sein",Autres,AD,Maëlle
806,"Aurélien FRANCES (animation), auteur, journaliste, docuentariste radio,  fondateur de Silence Podcast, passé par Arte et Euradio",Journaliste,H,Aurélien FRANCES
807,"Laurent COULON, Valérie PASSELÈGUE, journalistes",Journaliste,AD,AD
808,"Arno PEDRAM, pigiste Justice/Racisme",Journaliste,AD,AD
809,rédaction,Rédaction,AD,AD
810,rédaction,rédaction,AD,AD
811,AD,AD,AD,AD
812,"Adèle Humbert, Emilie Denètre",Studio de podcast,F,AD
813,"Jules Lavie, rédac chef",Journaliste,H,Jules LAVIE
814,Pierrick FAY (présentation,Rédaction,H,Pierrick FAY
815,AD,Journaliste,F,AD
816,"Laurent KRETZ, cofondateur cosa vostra",Studio de podcast,AD,AD
817,Camille Maestracci ,Journaliste,F,Camille Maestracci 
818,Dider Roustan,Rédaction,H,Dider ROUSTAN
819,étudiants IUT Lannion,étudiant.e.s,F,Multiples
820,variable,Rédaction,H,Mathieu COUREAU
821,"Phil_Goud & Redscape Factory
",AD,AD,"""Phil_Goud & Redscape Factory
"""
822,"présenté par Marie Zafimehy avec l'éclairage de Caroline Leroux, psychologue clinicienne et sexologue.",Journaliste,F,Marie Zafimehy
823,Kristen Falc'hon,auteur/réalisateur,F,Kristen Falc'hon
824,AD,amateur/concerné,AD,AD
825,rédaction,Rédaction,AD,AD
826,AD,AD,H,AD
827,"Mac Lesggy, animateur",Journaliste,AD,AD
828,"Agnès BONFILLON, Olivier BOY, Guillaume CHIEZE, Jérôme FLORIN, Alice 
MORENO Thomas PROUTEAU, Nathalie RENOUX, Jean-Alphonse RICHARD, Patrick 
TEJERO, Justine VIGNAU, journalistes",Journaliste,AD,AD
829,"Lionel GENDRON, correspondant",Journaliste,AD,AD
830,"Marie ZAFIMEHY, journaliste",Journaliste,AD,AD
831,Claire Richard,auteur/réalisateur,F,Claire Richard
832,rédaction,Rédaction,AD,AD
833,VARIABLE,Rédaction,F,Aziliz PEAUDECERF
834,AD,AD,AD,AD
835,"Melvil POUPAUD, comédien",Artiste,AD,AD
836,"Sinatou SAKA, journaliste, Vladimir CAGNOLARI, journaliste, Simon DECREUZE, coordinateur production de podcast RFI",Journaliste,AD,AD
837,journalistes voile du Télégramme,Rédaction,F,AD
838,"Voix : Rebecca Devannes. Montage : Yann Bonicatto. Conception, réalisation, mixage : Emmanuel Viau. Musique Fixxions. Animation éditoriale : Christophe Fernandez / E. Viau. Création visuelle : France Rapp.",Rédaction,F,Rebecca DEVANNES
839,Marion Pillas,auteur/réalisateur,F,Marion Pillas
840,"Olivier LOUVET, journaliste",Journaliste,H,Olivier LOUVET
841,nsp,NSP,AD,AD
842,"Sarah KOSKIEVIC, journaliste freelance",Journaliste,AD,AD
843,"Alice VACHET, animatrice, entrepreneure, spé RSE",professionnel secteur,AD,AD
844,"Christophe CARRON, dir rédac Slate, Laurence NARDON, chercheuse IFRI, Romain DESSAL, fondateur TTSO",Autres,AD,AD
845,"Clara Garnier-Amouroux (présentation), Bastien Vigault et Renaud Duguet (réalisation), Gabrielle Ramain (production)",auteur/réalisateur,AD,AD
846,rédaction,Rédaction,AD,AD
847,rédaction,Rédaction,AD,AD
848,non précisé,nsp,AD,AD
849,AD,Journaliste,H+F,AD
850,rédaction,Rédaction,AD,AD
851,Agathe Charnet,auteur/réalisateur,F,Agathe Charnet
852,Louise Régent,auteur/réalisateur,F,Louise Régent
853,AD,amateur/concerné,AD,AD
854,"Laurent VERGNE, Maxime DUPUIS, journalistes",Journaliste,AD,AD
855,"Thierry TAZÉ-BERNARD, journaliste",journaliste,AD,AD
856,journalistes de la rédaction,Rédaction,H,AD
857,Antoine Benneteau (présentation),Rédaction,H,Antoine BENNETEAU
858,Emma Walter,auteur/réalisateur,F,Emma Walter
859,"Patricia BLETTERY, journaliste",Journaliste,AD,AD
860,Thibaut et Cédric,NSP,AD,AD
861,rédaction,Rédaction,AD,AD
862,"Bruno SOULEZ, chief operation, cosa vostra",Studio de podcast,AD,AD
863,rédaction,Rédaction,AD,AD
864,"nterviews : Agathe le Taillandier, Présentation : Agathe le Taillandier. Édition et production : Soukaïna Qabbal. Illustration : Pierre-Emmanuel Lyet. Musique : Mélodie Lauret et Antoine Graugnard.Présentation : Agathe le Taillandier. Édition et production : Soukaïna Qabbal. Illustration : Pierre-Emmanuel Lyet. Musique : Mélodie Lauret et Antoine Graugnard.",Journaliste,AD,AD
865,Tony POULAIN,Journaliste,H,Tony POULAIN
866,AD,rédaction,AD,AD
867,rédaction,Rédaction,H,Nicolas ZARROUK
868,"Antoine BENNETEAU, journaliste",Journaliste,AD,AD
869,"Olivier EMOND, journaliste",Journaliste,AD,AD
870,"Lucile BELLAN, journaliste freelance",Journaliste,AD,AD
871,AD,amateur/concerné,AD,AD
872,rédaction,Rédaction,AD,AD
873,les journalistes du Drenche,Rédaction,AD,AD
874,nsp,nsp,H+F,AD
875,nsp,nsp,H+F,AD
876,"Romain LANÉRY, Léo DUFF, Manuel?, créateurs de contenu (youtube, réseaux sociaux)",amateur/concerné,AD,AD
877,"Emilie ALBERTINI, animatrice",amateur/concerné,F,Emilie ALBERTINI
878,Carole Tolila,Journaliste,F,Carole Tolila
879,AD,amateur/concerné,AD,AD
880,"VARIABLE, journalistes de la rédaction",Rédaction,F,Multiples
881,Benjamin Berteau,amateur/concerné,H,Benjamin Berteau
882,rédaction,Rédaction,AD,AD
883,"Luc LE GONIDEC,  Rédacteur Chef, monteur son, Host Podcast cinéma ""Retour vers le Turfu"" ""#Shitlist"" et du podcast série ""Le Début de la Fin"" ",Studio de podcast,AD,AD
884,Caroline Langlois,Journaliste,F,Caroline Langlois
885,AD,amateur/concerné,AD,AD
886,Michel LITOUT,Journaliste,H,Michel LITOUT
887,"Sébastien JOSEPH, directeur programmes Fun radio",Journaliste,AD,AD
888,Marie-Amélie Motte (animatrice),Rédaction,F,Marie-Amélie MOTTE
889,"Jérôme Prévôt, journaliste",Journaliste,H,Jérôme PRÉVOT
890,nsp,nsp,AD,AD
891,"Gilbert BRISBOIS, journaliste",Journaliste,AD,AD
892,"Gilbert BRISBOIS, journaliste",Journaliste,AD,AD
893,"Gilbert BRISBOIS, journaliste",Journaliste,AD,AD
894,"Gérar DAVET, journaliste, Fabrice LHOMME, journaliste",Journaliste,H,"Gérard DAVET, Fabrice LHOMME"
895,"Gilbert BRISBOIS, journaliste",Journaliste,AD,AD
896,"Zazie TAVITIAN, chroniqueuse, Radio France",Journaliste,AD,AD
897,rédaction,Rédaction,AD,AD
898,"Benjamin MATHIEU, journaliste",Journaliste,AD,AD
899,"Illias GRANDJEAN, Eric SALLIOT, journalistes, Florent SERRA, tennisman",Journaliste,AD,AD
900,"Camille REGACHE, journaliste",Journaliste,AD,AD
901,"Bruno DUVIC, journaliste",Journaliste,AD,AD
902,"Tony FLETCHER, journaliste",Journaliste,AD,AD
903,non précisé,NSP,AD,AD
904,"Jean-Christophe DROUET, journaliste, Thilbault BRACCIO, rédac chef ES1",Journaliste,AD,AD
905,"Alexandre HERBINET, journaliste",Journaliste,AD,AD
906,Alexandre Herbinet,Journaliste,H,Alexandre Herbinet
907,rédaction,Rédaction,AD,AD
908,Justine Fraioli,Journaliste,AD,AD
909,"Arnaud BEURDELEY, journaliste",Journaliste,H,Arnaud BEURDELEY
910,Victor Richard,NSP,F,Géraldine Szajman
911,Elodie Font ,auteur/réalisateur,F,Elodie Font 
912,Felix Blume,auteur/réalisateur,H,Felix Blume
913,"Leïla IZRAR, auteure chez Binge",auteur/réalisateur,AD,AD
914,Estelle,Journaliste,AD,AD
915,AD,AD,AD,AD
916,"Jean-Marie COLOMBANI, fondateur Slate, Alain FRACHON, journaliste, Christophe CARRON, dir rédaction Slate",Journaliste,AD,AD
917,"Camille MATI, journaliste, Gabriel DEBRAY, directeur artistique, Hugo COMBE, journaliste",Journaliste,AD,AD
918,Clément Pétreault journaliste Point,Journaliste,AD,AD
919,"Philippe GUEDJ, journaliste au Point",Journaliste,AD,AD
920,"Stéphanie CHERMONT, journaliste Canal +, Marie SALAH, journaliste, auteure, réalisatrice, Canal +",Journaliste,AD,AD
921,"Nina PAREJA, journaliste radio et podcast",Journaliste,AD,AD
922,"Laélia VERON, linguiste, stylisticienne, enseignante-chercheure","Prof, chercheurs",AD,AD
923,"Patricia TOURANCHEAU, journaliste",Journaliste,F,Patricia TOURANCHEAU
924,"Anaïs BORDAGE, pigiste Slate, Marie TELLING, chef service société/culture/vie privée Elles",Journaliste,AD,AD
925,Manon Prigent,auteur/réalisateur,F,Manon Prigent
926,rédaction,Rédaction,AD,AD
927,rédaction,Rédaction,AD,AD
928,rédaction,Rédaction,H,"Guillaume, Yohann"
929,"Yanny Hureau, chroniqueur pour l'Ardennais",Journaliste,H,Yanny HUREAU
930,non précisé,Studio de podcast,AD,AD
931,rédaction,Rédaction,AD,AD
932,nsp,auteur/réalisateur,AD,AD
933,"Baptiste ETCHEGARAY, réalisateur",auteur/réalisateur,AD,AD
934,"Les combattantes est un podcast RTL Originals réalisé et présenté par Marielle Fournier, produit en partenariat avec l’association « Le cancer du sein, parlons-en ! » | Direction : Antoine Daccord | Production : Alice Boryczka | Développement : Alix de Goldschmidt
",Journaliste,F,Marielle Fournier
935,"Joël Morio (direction éditoriale, ""Le Monde Argent""), Karine Le Loët (reportage); Charlène Nouyous (réalisation)",Journaliste,F,AD
936,"Aurélie FRANC, journaliste",Journaliste,AD,AD
937,non précisé,nsp,AD,AD
938,AD,AD,AD,AD
939,nsp,Studio de podcast,AD,AD
940,rédaction,Rédaction,AD,AD
941,"Nina PAREJA, journaliste pigiste podcast, Christophe CARRON, dir redac Slate",Journaliste,AD,AD
942,"Lucile BELLAN, journaliste freelance",Journaliste,AD,AD
943,pôle événement de Ouest France,Autres,H,Multiples
944,AD,AD,AD,AD
945,"Arnaud Tulipier, Rémy Lacombe et Thierry Marchand",Rédaction,H,Multiples
946,rédaction,Rédaction,AD,AD
947,nsp,nsp,H+F,AD
948,"Guillaume NATAS, magicien",professionnel secteur,AD,AD
949,Aude GOGNY-GOUBERT,auteur/réalisateur,AD,AD
950,Rodolphe Alexis,auteur/réalisateur,H,Rodolphe Alexis
951,nsp,Rédaction,AD,AD
952,nsp,NSP,AD,AD
953,AD,AD,AD,AD
954,"Marc LEPLONGEON, journaliste du Point",Journaliste,AD,AD
955,Alicia Dorey (présentation),Rédaction,F,Alicia DOREY
956,rédaction,Rédaction,AD,AD
957,Nina Pareja,auteur/réalisateur,F,Nina Pareja
958,nsp,NSP,AD,AD
959,rédaction,Rédaction,AD,AD
960,"nsp, marque?",NSP,AD,AD
961,rédaction,Rédaction,AD,AD
962,"Delphine PINON, entrepreneure, money and life coach",professionnel secteur,AD,AD
963,nsp,NSP,AD,AD
964,Léa Veinstein,auteur/réalisateur,F,Léa Veinstein
965,pôle événement de Ouest France,Autres,AD,Multiples
966,"Christine LAMBERT, journaliste spécialisée, Sébastien MENGUANT, expert caviste, JULIA MASON, ambassadrice de la marque",professionnel secteur,AD,AD
967,"Dolores Bakèla, Hélène Ghuinut, journalistes",Journaliste,AD,AD
968,"Sonia (voix), NSP",Studio de podcast,AD,AD
969,Laurie Cholewa,AD,F,Laurie Cholewa
970,NSP,Rédaction,H,Jean-Michel LOPEZ
971,"Hélène DECOMMER, rédac chef Slate, Jean-Laurent CASSELY, journaliste, essayiste",Journaliste,AD,AD
972,"""notre journaliste Rémi""",Journaliste,AD,AD
973,rédaction,Rédaction,AD,AD
974,rédaction,Rédaction,H,Romain CHEVALIER
975,"Samia BASILLE, podcasteuse",Autres,AD,AD
976,journalistes de la rédaction,Rédaction,F,AD
977,"Michel CYMES, médecin, animateur",professionnel secteur,H,Michel CYMES
978,"Mathieu PALAIN, journaliste",Journaliste,AD,AD
979,rédaction,Rédaction,H ,Baptiste DUBUC
980,rédaction,Rédaction,AD,AD
981,"Céline COUMAU, journaliste",journaliste,F,Céline COUMAU
982,François Vercelletto (animation),Journaliste,H,François VERCELLETTO
983,rédaction Sud Ouest et groupe Centre France,Rédaction,H,"Grégoire MOLLE, Frédéric SALLET"
984,les correspondants des radios francophones publiques,Journaliste,AD,AD
985,"Jean-Alalin VERLARDO (présentation), comédien",Studio de podcast,AD,AD
986,Marc Angel,AD,H,vie quotidienne/vie pratique
987,"""Marc et Yann""",Rédaction,AD,AD
988,"Michel DENIZOT, journaliste",Journaliste,AD,AD
989,AD,AD,AD,AD
990,Bertrand Dical,"Prof, chercheurs",H,Bertrand Dical
991,"Dominique LANG, journaliste",Journaliste,F,Dominique LANG
992,"nsp, varie en fonction des documentaires",auteur/réalisateur,AD,AD
993,"Clémence HACQUART, auteure podcast",auteur/réalisateur,AD,AD
994,"Thierry PFOHL, chroniqueur culinaire, Laurent GAUDENS, chargé départemental multimédia La Nouvelle République Centre Ouest",Journaliste,H,Thierry Pfohl
995,non précisé,NSP,AD,AD
996,Florane DARCIMOL ??,NSP,AD,AD
997,"Gaëlle FLEITOUR (animation), journaliste Ouest France, adjointe au chef du service Eco-Social",Journaliste,F,Gaëlle FLEITOUR
998,"Rami MALEK, comédien",Rédaction,AD,AD
999,Buddakhiin & Bigaston,amateur/concerné,H,Buddakhiin & Bigaston
1000,"Patrick COULOMB, auteur, éditeur, journaliste La Provence",Journaliste,H,Patrick COULOMB
1001,nsp,NSP,AD,AD
1002,Marie-Aldine Girard,NSP,AD,AD
1003,"Margaux LANNUZEL, journaliste",Journaliste,AD,AD
1004,nsp marque?,NSP,AD,AD
1005,"Mario ALBANO, grand reporter à La Provence",Journaliste,H,Mario ALBANO
1006,"Aline PERRAUDIN, directrice de la rédaction",Journaliste,AD,AD
1007,Laetitia Druart,auteur/réalisateur,F,Laetitia Druart
1008,rédaction,Rédaction,AD,AD
1009,"Jean ZEID, curateur, chroniqueur, journaliste",Journaliste,AD,AD
1010,"Hélène VEZIER, auteure, comédienne",Artiste,AD,AD
1011,rédaction,Rédaction,AD,AD
1012,"Charles PEPIN, philosophe",professionnel secteur,AD,AD
1013,Louise Massin,NSP,AD,AD
1014,rédaction,Rédaction,AD,AD
1015,Tranié,Artiste,AD,AD
1016,nsp,NSP,H,AD
1017,"VARIABLE, quatre journalistes des rédactions sportives de Hit West, Ouest-France, 20 Minutes, Presse Océan",Rédaction,H,Simon REUNGOAT
1018,"Laurent GAUDENS, chargé départemental multimédia La Nouvelle République Centre Ouest",Journaliste,H,Laurent GAUDENS
1019,"Lorraine de Foucher, journaliste",Journaliste,F,Lorraine DE FOUCHER
1020,rédaction,Rédaction,AD,AD
1021,rédaction,Rédaction,H,Emmnanuel VIAU
1022,"Emmanuel VIAU, journaliste, chef du laboratoire di'nnovation numérique, podcasteur",Journaliste,H,Emmanuel VIAU
1023,Sandrine Chauvin,professionnel secteur,F,Sandrine Chauvin
1024,Dominique Petitgand,auteur/réalisateur,H,Dominique Petitgand
1025,"Yaël GABISON, coach de dirigeants et fondatrice cabinet de conseil",Autres,AD,AD
1026,rédaction,Rédaction,F,Laure DAUTRICHE
1027,"Annabelle Laurent,",Journaliste,F,"Annabelle Laurent,"
1028,"Emmanuel VIAU, journaliste, chef du laboratoire di'nnovation numérique, podcasteur",Journaliste,H,Emmanuel VIAU
1029,AD,AD,AD,AD
1030,"Céline VANEL, consultante Social Media Manager, manager Esport La Provence",Autres,F,Céline VANEL
1031,nsp marque?,NSP,AD,AD
1032,AD,AD,AD,AD
1033,"Erwan BRUCKERT, journaliste (aujourd'hui à L'Express)",Journaliste,AD,AD
1034,rédaction,Rédaction,F,AD
1035,"Thomas CLARAC, journaliste Vanity Fair",Journaliste,H,Thomas CLARAC
1036,rédaction,Rédaction,H,Nicolas ZARROUK
1037,rédaction,Rédaction,AD,AD
1038,nsp,NSP,F,AD
1039,"Antoine BOYER, journaliste AFP",Journaliste,AD,AD
1040,"Ingrid LUQUET-GAD, critique d'art",professionnel secteur,F,Ingrid LUQUET-GAD
1041,Marie ZINCK,Journaliste,F,Marie ZINCK
1042,rédaction,Rédaction,F,Multiples
1043,Laurent Joffrin,Journaliste,H,Laurent JOFFRIN
1044,"Nicolas POINCARÉ et Fabien RANDRIANARISOA, journalistes",Journaliste,AD,AD
1045,Marie Arquié et Jérôme Schimidt ,nsp,AD,Marie Arquié et Jérôme Schimidt 
1046,Rémi Pelletier ,Journaliste,H,Rémi Pelletier 
1047,rédaction,Rédaction,AD,AD
1048,"Leslie BENZAQUEN, journaliste",Journaliste,F,"Leslie BENZAQUEN, journaliste"
1049,Vincent et Vincent (Front de Libération Bordeluche),Activiste/associatif,H,AD
1050,"Frédérique LEBEL, journaliste",Journaliste,AD,AD
1051,nsp,NSP,AD,AD
1052,"Romain GONZALEZ, le Point",Journaliste,AD,AD
1053,non précisé,nsp,AD,AD
1054,"VARIABLE, journalistes de la rédaction",Rédaction,F,Multiples
1055,rédaction,Rédaction,H,Thierry BOULDOIRE
1056,rédaction,Rédaction,H,AD
1057,journalistes de la rédaction,Rédaction,F,Emma DONADA
1058,nsp,nsp,H+F,AD
1059,Emmanuel VIAU (voix),Journaliste,H,Emmanuel VIAU
1060,"Patrick Le Hyaric, directeur du journal",Journaliste,H,Patrick Le HYARIC
1061,"nsp, marque?",professionnel secteur,AD,AD
1062,rédaction,Rédaction,AD,AD
1063,rédaction,Rédaction,AD,AD
1064,JoeyStarr,Artiste,AD,AD
1065,Pierrick Delobelle,Journaliste,H,Pierrick Delobelle
1066,AD,AD,AD,AD
1067,"Thierry CHÈZE, journaliste",Journaliste,AD,AD
1068,"Olivia DE LAMBERTERIE, responsable pages littéraires du magazine",Journaliste,AD,AD
1069,"Leia SANTACROCE (animation), journaliste, Lucas WYBO, prducuteur de podcast pour Prisma, , Clara MATET, réalisatrice de podcasts pour  Prisma, Emeline FERARD, journaliste web Geo",Rédaction,AD,AD
1070,"Capucine TROLLION, rédactrice culture, société, média, RTL, Aymeric PARTHONNAUD, journaliste",Journaliste,AD,AD
1071,"Pénélope BOEUF, fondatrice studio la toile sur écoute",auteur/réalisateur,AD,AD
1072,Nicolas Senèze,Journaliste,H,Nicolas Senèze
1073,"Sylvain CHARLEY, journaliste",Journaliste,AD,AD
1074,"Anis RHALI, scénariste, réalisateur, comédien",auteur/réalisateur,AD,AD
1075,"Sylvain ZIMMERMANN, Responsable éditorial des podcasts du pôle audio digital RTL ",Journaliste,AD,AD
1076,"Gaetan ROUSSEL, musicien",Artiste,AD,AD
1077,AD,AD,AD,AD
1078,"Pénélope BOEUF, fondatrice studio la toile sur écoute",auteur/réalisateur,AD,AD
1079,Colas Zibaut,auteur/réalisateur,H,Colas Zibaut
1080,AD,AD,AD,AD
1081,rédaction,Rédaction,AD,AD
1082,rédaction,Rédaction,H,Laurent GAUDENS
1083,"Yasmina OUIRHRANE,  appointed expert by the European Union and the African Union",professionnel secteur,F,Yasmina OUIRHRANE
1084,rédaction,Rédaction,AD,AD
1085,nsp,NSP,AD,AD
1086,"VARIABLE, journalistes de la rédaction",Rédaction,H,Edouard REIS CARONA
1087,"Richard Gaitet, journaliste, critique, animateur",auteur/réalisateur,H,AD
1088,Dorith Naon ,AD,AD,AD
1089,ournalistes et présentatrices : Marie Semelin & Camille Maestracci,Journaliste,AD,AD
1090,"François LANGLET, journaliste, économiste, Sylvain ZIMMERMAN, journaliste",Journaliste,AD,AD
1091,François ??,Journaliste,H,AD
1092,"Alexandra HUBIN, sexologue",professionnel secteur,AD,AD
1093,"Rozenn LE CARBOULEC, journaliste indépendante",Journaliste,AD,"Rozenn LE CARBOULEC, journaliste indépendante"
1094,auditeurs,Autres,F,Maud RIEU
1095,"Pauline BLISTENE, postoc, Paris 1, philo","Prof, chercheurs",AD,AD
1096,Alexandra (Lexine),Studio de podcast,AD,AD
1097,David Castello Lopes,Journaliste,AD,AD
1098,rédaction,Rédaction,H,"Jean-Pierre DELOR, Yohann LEMORE"
1099,nsp,nsp,AD,AD
1100,Jérémie,NSP,AD,AD
1101,rédaction,Rédaction,AD,AD
1102,"différents journalistes spécialisés (santé, économie, numérique) de la rédaction du Monde",Rédaction,H,Jean-Guillaume SANTI
1103,Marie-Odile Weiss et Adélie Pojzman-Pontay,auteur/réalisateur,AD,"Marie-Odile Weis, Lorenzo Benedetti"
1104,"Vanessa RICHARDSON, Greg POLCYN, comédiens voix",Artiste,AD,AD
1105,deux journalistes santé du magazine,Journaliste,AD,AD
1106,Narjes,NSP,AD,AD
1107,"Capucine Japhet, journaliste podcast/voix-off, indépendante (semble-t-il",Journaliste,F,Capucine JAPHET
1108,Les Cavalcades,Studio de podcast,F,AD
1109,non précisé,Studio de podcast,AD,AD
1110,"Guillaume MALAURIE, journaliste",Journaliste,H,Guillaume MALAURIE
1111,"Daphné ROULIER, journaliste",Journaliste,F,Daphné ROULIER
1112,AD,amateur/concerné,AD,AD
1113,"des ""experts"" : notaire, courtier, recruteurs, gestion de patrimoine",Autres,AD,AD
1114,"des ""experts""",Autres,AD,AD
1115,Tassilo Hummel,auteur/réalisateur,H,Tassilo Hummel
1116,Christophe Bourseiller,professionnel chercheur,H,Christophe Bourseiller
1117,"Nikos ALIAGAS, animateur",Autres,AD,AD
1118,"Denis BROGNART, animateur",Autres,AD,AD
1119,"Jacuqes PRADEL, journaliste",Journaliste,AD,AD
1120,"Judith DUPORTAIL, journaliste",Journaliste,AD,AD
1121,Emmanuel Viau,Journaliste,H,Emmanuel Viau
1122,Sophie ALEX-BAECQUER (présentation,Activiste/associatif,AD,AD
1123,Solenne Niedercorn,professionnel secteur,F,Solenne Niedercorn
1124,"Thierry LYONNET, journaliste",Journaliste,AD,AD
1125,rédaction,Rédaction,AD,AD
1126,Léo BELNOU (animation),Rédaction,H,Léo BELNOU
1127,nsp,NSP,AD,AD
1128,rédaction,Rédaction,AD,AD
1129,"Virginie GIROD, historienne","Prof, chercheurs",F,Virginie GIROD
1130,"des ""experts"" : nutritionniste...",Autres,AD,AD
1131,"Lucile BELLAN, journaliste freelance",Journaliste,AD,AD
1132,rédaction,Rédaction,AD,AD
1133,rédaction,Rédaction,H,Multiples
1134,rédaction,Rédaction,F,AD
1135,"Lucas SCARLTRITTI, ex Ouest France, aujourd'hui chez Bababam",auteur/réalisateur,H,Lucas SCARLTRITTI
1136,"Jean-François Morisse, journaliste",Journaliste,AD,AD
1137,Aurèle Jacquot,auteur/réalisateur,H,Aurèle Jacquot
1138,"Melody Madar, la co-fondatrice du média Les Éclaireuses",Journaliste,F,Melody MADAR
1139,non précisé,Studio de podcast,AD,AD
1140,rédaction,Rédaction,AD,AD
1141,"Arnaud DI PASQUALE, ancien tennisman, consultant",professionnel secteur,AD,AD
1142,nsp,NSP,AD,AD
1143,"Elise GOLDFARB, Julia LAYANI, journalistes, entrepreneures",Journaliste,AD,AD
1144,nsp,NSP,AD,AD
1145,"Dominique RIZET, journaliste",Journaliste,AD,AD
1146,Ilham Maad,auteur/réalisateur,F,Ilham Maad
1147,"Gregory BARBIER, journaliste multimédia, Emeline PIUCCIO, journaliste web, Est Républicain",Journaliste,H,Grégory BARBIER
1148,rédaction,Rédaction,AD,AD
1149,Anne-Bénédicte REBBOAH,AD,F,Anne-Bénédicte REBBOAH
1150,AD,AD,AD,AD
1151,journalistes de la rédaction,Rédaction,H,Multiples
1152,Grégoire Margotton,Journaliste,H,Grégoire Margotton
1153,nsp,NSP,AD,AD
1154,nsp,Rédaction,AD,AD
1155,Marie Eloy,Activiste/associatif,F,Marie ELOY
1156,rédaction,Rédaction,AD,AD
1157,"Caroline PASTORELLI, journaliste (animation)",Journaliste,F,Caroline PASTORELLI
1158,écrit pas Cherif Ghemmour avec la voix de Denis Podalydès.,Journaliste,H,Denis POLALYDES
1159,Soldat Petit pois,AD,H,Soldat petit pois
1160,"Baptiste LECAPLAIN, humoriste, Paul VEXIAU, réalisateur radio RMC",Autres,AD,AD
1161,Anicet Mbida et Ombeline Roche ,AD,F,Anicet Mbida et Ombeline Roche 
1162,rédaction,Rédaction,F,Multiples
1163,"David MILLIAT, journaliste",Journaliste,AD,AD
1164,"nsp, marque?",NSP,AD,AD
1165,Stéphanie Duncan,Journaliste,F,Stéphanie Duncan
1166,AD,AD,AD,AD
1167,nsp,NSP,F,Lucie
1168,"Adelaïde STEPHAN, indépendante",auteur/réalisateur,F,Adelaïde STEPHAN
1169,rédaction,Rédaction,F,AD
1170,"Auteurs :  Florent Mounier, Sébastien Girard.

💡Pour soutenir le podcast mettez 5 étoiles à ce podcast sur Apple Podcasts ou Spotify.",AD,H,"Florent Mounier, Sébastien Girard"
1171,"Kpénahi TRAORÉ, journaliste",Journaliste,AD,AD
1172,"Etienne MENU, journaliste culture",Journaliste,AD,AD
1173,David Commeillas,auteur/réalisateur,H,David Commeillas
1174,nsp,Rédaction,F,Maud RIEU
1175,rédaction,Rédaction,AD,AD
1176,Marius Uhl & Charlotte Giorgi ,AD,H+F,Marius Uhl & Charlotte Giorgi 
1177,AD,AD,AD,AD
1178,"illes della Posta et Stéphane Vrignaud, journalistes à Eurosport",Journaliste,H,"illes della Posta et Stéphane Vrignaud, journalistes à Eurosport"
1179,"Jean-Marie LEAU, auteur compositeur interprète",Artiste,AD,AD
1180,nsp,NSP,AD,AD
1181,"Vincent MAZOUÉ, responsable communication chez Vinci autoroutes",Autres,AD,AD
1182,AD,AD,AD,AD
1183,Jean-Marie Leau ,Journaliste,H,Jean-Marie Leau 
1184,nsp,nsp,H,AD
1185,rédaction,Rédaction,F,AD
1186,rédaction,Rédaction,AD,AD
1187,journalistes de la rédaction,Rédaction,H,Philippe JOUBIN
1188,rédaction,Rédaction,AD,AD
1189,"Aline Fontaine, journaliste",Journaliste,F,Aline FONTAINE
1190,rédaction,Rédaction,F,Lolita BLASSIEAUX
1191,rédaction,Rédaction,AD,AD
1192,rédaction,Rédaction,AD,AD
1193,nsp,Studio de podcast,AD,AD
1194,non précisé,Studio de podcast,AD,AD
1195,rédaction,Rédaction,H,Benoit
1196,nsp,NSP,AD,AD
1197,"Danièle GERKENS, journaliste, directrice de rédaction",Journaliste,AD,AD
1198,"Antoine Molkhou ; Julien Veniel, Antoine Molkhou : DJ, programmateur du Rex Club mais aussi auteur pour la télévision et animateur sur Rinse France, Antoine est à la tête du label house Popcorn Records. - Julien Veniel : DJ et producteur, Julien alias D’Julz tourne à travers le monde depuis 30 ans. A la tête du label Bass Culture, il est aussi DJ résident du célèbre Rex Club depuis 2 décennies. ",auteur/réalisateur,H+F,AD
1199,rédaction,Rédaction,H,AD
1200,Julien Froment,Journaliste,H,Julien Froment
1201,"Phillipe LANSAC, directeur éditorial RCF",Journaliste,AD,AD
1202,"Julien, expert en lutte contre la fraude",professionnel secteur,AD,AD
1203,"Marion HAZOUT, manager Victor VIRIOT, produc and content, Brut",Autres,AD,AD
1204,"Texte, voix, réalisation : Roisin Burns - Prise de son et montage : Lucas Salvador - Mix : Samuel Hirsch - Production : ARTE Radio

",auteur/réalisateur,H,Roisin Burns
1205,Stéphane Moïssakis,AD,H,Stéphane Moïssakis
1206,rédaction,Rédaction,AD,AD
1207,"Anne MELLIER (réalisation), journaliste",Journaliste,AD,AD
1208,"Alexis Buisson, responsable éditorial : Christophe de Galzain. ",Journaliste,H,Alexis BUISSON
1209,Brice Depasse,H,H,Brice Depasse
1210,Sébastien Guyot ,Journaliste,H+F,Sébastien Guyot 
1211,AD,AD,AD,AD
1212,"François DEFOSSEZ, Head of Media, directeur du pôle conseil de CosaVostra et host du podcast Mediarama.",professionnel secteur,H,François DEFOSSEZ
1213,rédaction,Rédaction,F,Mélina LE CORRE
1214,AD,AD,H,AD
1215,"Sophie-Marie LARROUY, journaliste, comédienne, scénariste",Journaliste,AD,AD
1216,rédaction,Rédaction,H,N-S.
1217,Igor NOM INAUDIBLE,NSP,H,AD
1218,"Charlotte Pudlowski (écriture, animation), auteure et journaliste",auteur/réalisateur,AD,AD
1219,Leslie Menahem,auteur/réalisateur,F,Leslie Menahem
1220,rédaction,Rédaction,AD,AD
1221,rédactions du Champagne FM et Union-Ardennais,Rédaction,H,AD
1222,"Francis ZEGUT, animateur, producteur",Journaliste,AD,AD
1223,rédaction,Rédaction,H,AD
1224,rédaction,Rédaction,H,Denis DUPONT
1225,Aude Lavigne ; Etienne Menu ; Thomas Baumgartner ; David Commeillas ; Alain Kruger ; Guillaume Podrovnik ; Laurence Garcia,auteur/réalisateur,H+F,AD
1226,"idée de Jerôme YAGER, journaliste, par ""la cellule podcast""",Rédaction,H,Jérôme YAGER
1227,"Magali BARTHÈS, journaliste",Journaliste,AD,AD
1228,"Christelle CHIROUX, médiatrice de l'information lci",Journaliste,AD,AD
1229,Laurent Marchand (animation),Rédaction,H,Laurent MARCHAND
1230,rédaction,Rédaction,F,Carole
1231,"Capucine TROLLION, rédactrice culture, société, média, RTL",Journaliste,AD,AD
1232,"nsp, marque?",NSP,AD,AD
1233,"Jean-Alphonse RICHARD, journaliste",Journaliste,AD,AD
1234,rédaction,Rédaction,AD,AD
1235,rédaction,Rédaction,F,Frédérique MICHALAK
1236,"Yohann LEMORE, attaché de production audio, animation de différents pdocasts de la rédaction",Autres,H,Yohann LEMORE
1237,rédaction,Rédaction,F,Virginie LEMORE GUERIN
1238,rédaction,Rédaction,H,AD
1239,rédaction,Rédaction,F,Stéphanie PEREZ
1240,"Alice ROY, chargée de communication Parc naturel régional la Narbonnaise",Autres,F,Alice ROY
1241,rédaction,Rédaction,H,Frédéric BONET
1242,"Mélanie WANGA, Rozenn LE CARBOULEC, journalistes",Journaliste,AD,AD
1243,"Sophie COSTE, animatrice",Journaliste,F,Sophie COSTE
1244,"Frédérique MICHALAK, journaliste",Journaliste,F,Frédérique MICHALAK
1245,rédaction,Rédaction,F,Diane SABOURAUD
1246,"Marion THIBA, documentariste",auteur/réalisateur,F,Marion THIBA
1247,rédaction,Rédaction,AD,AD
1248,"Idée originale: Alain Baute, Estelle Devic,
Conception du jeu et présentation: Yohann Lemore
Questions: Estelle Devic, Alain Baute, Yohann Lemore",Journaliste,H,Yohann LEMORE
1249,NSP,nsp,H,AD
1250,rédaction,Rédaction,AD,AD
1251,rédaction,Rédaction,F,Virginie VALS
1252,rédaction,Rédaction,H,Yohann LEMORE
1253,rédaction,rédaction,AD,AD
1254,Mégane Fleury,Journaliste,F,Mégane FLEURY
1255,"nsp, marque?",NSP,AD,AD
1256,rédaction,Rédaction,AD,AD
1257,AD,AD,AD,AD
1258,rédaction,Rédaction,AD,AD
1259,"Delphine Saltel auteure, productrice radio France Culture",auteur/réalisateur,F,AD
1260,nsp,NSP,AD,AD
1261,"Yohann LEMORE, attaché de production audio, animation de différents pdocasts de la rédaction",Autres,H,Yohann LEMORE
1262,"Philippe CONGARD, comédien/voix-off",Artiste,H,Philippe CONGARD
1263,"Jérôme VERMELIN, rédac chef adjointl LCI",Journaliste,AD,AD
1264,rédaction,Rédaction,AD,AD
1265,rédaction,Rédaction,AD,AD
1266,Anna Roy ,professionnel secteur,F,Anna Roy 
1267,rédaction,Rédaction,F,AD
1268,"Frédéric LEWINO, le Point",Journaliste,AD,AD
1269,nsp,NSP,F,AD
1270,Paco Debonnaire,professionnel secteur,H,Paco Debonnaire
1271,"Ilham MAAD, auteure-réalisatrice, Merry ROYER, autrice de podcasts",auteur/réalisateur,AD,AD
1272,"Loup Lassinat Foubert (animation), Social media manager",Autres,H,Loup LASSINAT FOUBERT
1273,"Jean-Pierre PERNAUT, journaliste",Journaliste,AD,AD
1274,rédaction,Rédaction,AD,AD
1275,rédaction,Rédaction,AD,AD
1276,"Dominique BESNEHARD, producteur",professionnel secteur,AD,AD
1277,"Amelle NEBIA, rédac chef adjointe",Journaliste,H+F,AD
1278,"Dorothé MYRIAM KELLOU, journaliste, Nedjma BOUAKRA, journaliste, documentariste sonore, Alain LEWCOWICZ, auteur réalisateur producteur",Journaliste,AD,AD
1279,Benjamin Lubszynski (présentation),Rédaction,H,Benjamin LUBSZYNSKI
1280,nsp,nsp,H+F,AD
1281,AD,AD,AD,AD
1282,"Peggy SASTRE, journaliste scientifique, Laetitia STRAUCH-BONART, éditorialiste, rédac chef au Point",Journaliste,AD,AD
1283,AD,AD,AD,AD
1284,"Françoise Champeaux, rédac chef semaine sociale lamy",Journaliste,AD,AD
1285,"Emmanuel VIAU, Céline Rousseau, journaliste, adjointe au laboratoire d'innovation numérique",Journaliste,H+F,"Emmanuel VIAU, Céline ROUSSEAU"
1286,"Sophian FANEN, journaliste fondateur des Jours",Journaliste,AD,AD
1287,AD,AD,AD,AD
1288,"Anne-Cécile GENRE, journaliste, réalisatrice",Journaliste,AD,AD
1289,rédaction,Rédaction,AD,AD
1290,"Titiou LECOQ, journaliste",Journaliste,AD,AD
1291,nsp,NSP,AD,AD
1292,Nina Almberg,auteur/réalisateur,F,Nina Almberg
1293,David Balsamp,amateur/concerné,AD,David Balsamp
1294,rédaction,Rédaction,H,Thomas DERAIS
1295,nsp,NSP,AD,AD
1296,"Nicolas FAUROUX, rédac chef RTL",Journaliste,AD,AD
1297,rédaction,Rédaction,F,"Elodie ANTOINE, Sophie DONSEY"
1298,nsp,NSP,H,AD
1299,"Arianne MASSENET, journaliste",Journaliste,AD,AD
1300,rédaction,Rédaction,AD,AD
1301,"Présentation : Charlotte Pudlowski, Maureen Wilson",auteur/réalisateur,AD,AD
1302,rédaction,Rédaction,F,Lolita BLASSIEAUX
1303,Philippe  ? journaliste?,Journaliste,AD,AD
1304,"Elvire EMPTAZ, journaliste",Journaliste,F,Elvire EMPTAZ
1305,"Clémence GUEIDAN, journaliste",Journaliste,AD,AD
1306,Valérie Cantié,Journaliste,F,Journaliste
1307,Éric Dussart.,Journaliste,H,Éric Dussart.
1308,rédaction,Rédaction,AD,AD
1309,rédaction,Rédaction,H,Philippe RICHARD
1310,"Anne VERMES (écriture), entrepreneure, auteure avec Guillaume PIGEAT, consultant et chef de projet, présenté par Loming GUILLO, rédac chef",Autres,AD,AD
1311,rédaction,Rédaction,F,Inès
1312,"Sebseb, Clotilde, Nen, LEM, Mo Absoir, Lucie Joy, Treize accordée, CatMat et Master No.",Artiste,AD,AD
1313,nsp,NSP,AD,AD
1314,AD,AD,F,AD
1315,"Charlotte LATOUR, journaliste",Journaliste,AD,AD
1316,Charlotte Latour,Journaliste,F,Charlotte Latour
1317,rédaction,Rédaction,AD,AD
1318,rédaction,Rédaction,AD,AD
1319,Vanessa Brias & Monsieur Poulpe,NSP,H+F,AD
1320,Philomène Vuillard,nsp,F,Philomène Vuillard
1321,rédaction,Rédaction,AD,AD
1322,rédaction,Rédaction,H+F,Multiples
1323,"Sandrine CAMPESE, membre du comité d'experts du Projet Voltaire",Activiste/associatif,AD,AD
1324,"Anouk PERRY, podcasteuse indépendante",auteur/réalisateur,AD,AD
1325,"Marie THIRY-DOAT, stagiaire podcast puis correspondante locale",Journaliste,F,Marie THIRY-DOAT
1326,"Eléonore MERLIN, journaliste",Journaliste,AD,AD
1327,"Anne-Laetitia Béraud, journaliste 20 minute",Journaliste,AD,AD
1328,Gregory BARBIER,Journaliste,H,Gregory BARBIER
1329,rédaction,Rédaction,F,Alexandra PACROT
1330,"Antoine GOURITIN (écriture, réalisation)",Journaliste,H,Antoine GOURITIN
1331,Jérémy Leroux,auteur/réalisateur,H,Jérémy Leroux
1332,AD,AD,AD,AD
1333,"Perrine QUENNESSON, journaliste",Journaliste,AD,AD
1334,nsp,NSP,H,AD
1335,rédaction de l'Avenir de l'Artois,Rédaction,F,AD
1336,Cette émission est animée par Emmanuel Davidenkoff et Joséfa Lopez.,Journaliste,H,Emmnauel DAVIDENKOFF
1337,AD,AD,AD,AD
1338, Jean Bonnefon,NSP,AD,AD
1339,"Marie-Stéphanie SERVOS, journaliste (animation)",Journaliste,AD,AD
1340,nsp,NSP,H,AD
1341,Robin (nom de famille non précisé),content manager,H,Robin
1342,Ingrid Obiol,nsp,F,Ingrid Obiol
1343,"Alexandre Duval, 42 ans. Né à Poitiers. Réalisateur sonore, travaille avec France Culture (Les Passagers de la nuit) et depuis 2005 avec ARTE Radio autant pour des documentaires que des essais radiophoniques. Responsable de la filière son du master de création documentaire (Angoulême, Université de Poitiers) entre 2016 et 2019.",auteur/réalisateur,H+F,AD
1344,Yasmina & Océane,amateur/concerné,F,AD
1345,"Taous MERAKCHI, alias Jack PARKET, rédactrice web, autrice",auteur/réalisateur,F,Taous MERAKCHI
1346,"Julien BLANC-GRAS, journaliste",Journaliste,H,Julien BLANC-GRAS
1347,"Francis DORDOR, journaliste",Journaliste,H,Francis DORDOR
1348,AD,AD,H,AD
1349,Claire Lang,AD,F,Claire Lang
1350,"Jean-Marie RUSSE, référent technique, Républicain Lorrain",Autres,H,Jean-Marie RUSSE
1351,"Nina Montagné, journaliste et réalisatrice",Journaliste,F,Nina MONTAGNÉ
1352,Sophie Marinopoulos,Autres,F,Sophie Marinopoulos
1353,"Anaïs BORDAGE, pigiste Slate, Marie TELLING, chef service société/culture/vie privée Elles",Journaliste,AD,AD
1354,Virginie DE ROCQUIGNY,Rédaction,F,Virginie DE ROCQUIGNY
1355,Les Cavalcades,Studio de podcast,AD,AD
1356,Christine Bravo,Journaliste,F,Christine Bravo
1357,"Isabelle MOTROT, directrice rédaction Causette",Journaliste,AD,AD
1358,Louis et Michel,nsp,AD,AD
1359,"Sabrina Seddiki, Marie-Claire Bruley",auteur/réalisateur,F,"Sabrina Seddiki, Marie-Claire Bruley"
1360,"Guy DE TONQUÉDEC, auteur, comédien",auteur/réalisateur,AD,AD
1361,rédaction,Rédaction,H+F,Multiples
1362,nsp,NSP,AD,AD
1363,AD,AD,AD,AD
1364,AD,AD,AD,AD
1365,"Jean-Marie RUSSE, référent technique, Républicain Lorrain",Autres,H,Jean-Marie RUSSE
1366,rédaction,Rédaction,H,Multiples
1367,rédaction,Rédaction,H+F,Multiples
1368,Klaire fait Grr,auteur/réalisateur,F,Klaire fait Grr
1369,rédaction,Rédaction,H,"Willy BILLIARD, Yann TOURBE"
1370,rédaction,Rédaction,H,Multiples
1371,rédaction,Rédaction,H,Multiples
1372,"Maud VENTURA, journaliste",Journaliste,F,Maud VENTURA
1373,Pyrénées Méditerrannée Invest,Autres,H,Yohann LEMORE
1374,"Jean-Marie RUSSE, référent technique, Républicain Lorrain",Autres,H,Jean-Marie RUSSE
1375,AD,AD,AD,AD
1376,AD,AD,F,AD
1377,AD,AD,F,AD
1378,AD,AD,AD,AD
1379,"Marine BECCARELLI, enseignante-chercheuse en Histoire, productrice documentaire, Viviane CHAUDON, productrice, programmatrice, Clara LACOMBE, auteure-réalisatrice sonore",auteur/réalisateur,AD,AD
1380,rédaction,Rédaction,AD,AD
1381,rédaction,Rédaction,AD,AD
1382,nsp,NSP,AD,AD
1383,"Thomas DESEUR, podcasteur, rédacteur, journaliste, Jonathan AUPART, nsp",Journaliste,AD,AD
1384,rédaction,Rédaction,H,Georges
1385,"Caroline NOGUERAS, journaliste",Journaliste,AD,AD
1386,"Diane LALOUM DE MEDINA,  voix off, freelance",Autres,F,Diana Laloum de Medina
1387,Clémentine Métaigné & Florence Maurice,Journaliste,F,Clémentine Métaigné & Florence Maurice
1388,Elodie Chabrol,AD,F,Elodie Chabrol
1389,Arnaud Wassmer et Anna Quéré,nsp,H,Arnaud Wassmer
1390,AD,AD,AD,AD
1391,Unseen Samy et Peter Anderson (présentation),Rédaction,H,"Samy UNSEEN, Peter ANDERSON"
1392,"Lomig GUILLO, rédacteur en chef Management",Journaliste,AD,AD
1393,"Christel DE FOUCAULT, auteure et formatrice, ancienne recruteuse",Autres,AD,AD
1394,rédactions de l'indicateur des Flandres et du Journal des Flandres (groupe Nord littoral),Rédaction,F,Multiples
1395,"nsp, marque?",NSP,AD,AD
1396,non précisé,nsp,AD,AD
1397,les journalistes de la Voix du Nord,Rédaction,F,AD
1398,nsp,NSP,AD,AD
1399,Jean Pierre DELOR (présentation),Rédaction,H,Jean-Pierre DELOR
1400,"Christophe CARRON, dir rédac Slate",Journaliste,AD,AD
1401,journalistes de la rédation,Rédaction,H,Multiples
1402,"Esdras NDIKUMANA, journaliste, Arnaud ZAJTMAN, journaliste",Journaliste,AD,AD
1403,"jack stouvenin
",Journaliste,H,"jack stouvenin
"
1404,Stavro,amateur/concerné,H,Stavro
1405,rédaction,Rédaction,AD,AD
1406,"Maheva Stephan-Bugni, compte Instagram Astrotruc, enseignante, autrice",auteur/réalisateur,AD,AD
1407,"Joseph Ghosn. Chroniqueurs : Norine Raja, Margaux Krehl et Philippe Azoury",Journaliste,H,Joseph GHOSN
1408,"Clémence Gueidan 
",AD,F,"Clémence Gueidan 
"
1409,"Crystal SELOSSE, journaliste, Laurie PINON, monteuse",Journaliste,AD,AD
1410,"Claire JEHANNO, auteure, podcasteuse, Adrien LE BLOND, responsable production audio",auteur/réalisateur,AD,AD
1411,"Quentin TENAUD, auteur-réalisateur podcasts, Raphaëlle DUCLOS, en recherche d'emploi comme chargée d'étude en sociologie",auteur/réalisateur,AD,AD
1412,"Cécile POLLART, journaliste",Journaliste,AD,AD
1413,AD,AD,AD,AD
1414,Fabrice Lundi,nsp,H,Fabrice Lundi
1415,"Elodie RABÉ, journaliste Voix du Nord ; ""avec l'aide de Maxime Cuvillier"", respo pôle vidéo Weo TV, supervisé par Jean-Marc RIVIÈRE; rédac chef adjoint",Journaliste,F,Elodie RABÉ
1416,rédaction,Rédaction,H,Jean-Christophe
1417,"Rudy REICHSTADT, directeur Conspiracy Watch, Tristan MENDES-FRANCE, auteur, chroniqueur, MCF Université de Paris",professionnel secteur,AD,AD
1418,rédaction,Rédaction,AD,AD
1419,Camille Boulate (journaliste) accompagnée de Sylvain Bartolomeu (Franchise Management),Journaliste,H+F,Camille Boulate (journaliste) accompagnée de Sylvain Bartolomeu (Franchise Management)
1420,"Grégory LALLEMAND, Édouard WAYOLLE, journalsites de la rédaction",Rédaction,H,Edouard WAYOLLE
1421,rédaction,Rédaction,H,Denis VERNET
1422,rédaction,Rédaction,H,Yohann LEMORE
1423,rédaction,Rédaction,H,AD
1424,rédaction,Rédaction,H,AD
1425,nsp,NSP,AD,AD
1426,rédaction,Rédaction,AD,AD
1427,nsp,NSP,F,AD
1428,"Coumbis HOPE LOWIE, journaliste",Journaliste,AD,AD
1429,AD,NSP,AD,AD
1430,AD,NSP,AD,AD
1431,AD,NSP,AD,AD
1432,AD,NSP,AD,AD
1433,AD,NSP,AD,AD
1434,AD,NSP,AD,AD
1435,AD,NSP,AD,AD
1436,"Gaby FABRESSE, journaliste, Agatha LIEVAIN-BAZIN, éthologue",professionnel secteur,AD,AD
1437,rédaction,Rédaction,AD,AD
1438,rédaction,Rédaction,AD,AD
1439,rédaction,Rédaction,AD,AD
1440,AD,NSP,AD,AD
1441,AD,NSP,AD,AD
1442,AD,NSP,AD,AD
1443,nsp,NSP,H,AD
1444,service politique Franceinfo,Journaliste,AD,AD
1445,AD,NSP,AD,AD
1446,AD,NSP,AD,AD
1447,AD,NSP,AD,AD
1448,AD,NSP,AD,AD
1449,Sophie ROSEMONT journaliste et autrice,Journaliste,F,Sophie ROSEMONT
1450,"Victoire TUAILLON, journaliste, autrice",Journaliste,AD,AD
1451,AD,AD,AD,AD
1452,rédaction,Rédaction,H,Multiples
1453,"Manon PRIGENT, documentariste sonoire",auteur/réalisateur,F,AD
1454,rédaction Corse Matin et Corsica Radio,Rédaction,H,AD
1455,"Fabienne CHAUVRIÈRE, journaliste",Journaliste,AD,AD
1456,AD,AD,AD,AD
1457,nsp,NSP,F,AD
1458,Emmanuelle Lagadec ,AD,F,Emmanuelle Lagadec 
1459,rédaction,Rédaction,H+F,"Hélène AMIRAUX, Michel PIERRE"
1460,Nolwenn Thivault,AD,F,Nolwenn Thivault
1461,"Christophe RODO, neuroscientifique",professionnel secteur,AD,AD
1462,Jean-Christophe Buisson,Journaliste,H,Jean-Christophe Buisson
1463,journalistes de la rédaction,Rédaction,F,Marie-Amélie MOTTE
1464,AD,NSP,AD,AD
1465,AD,NSP,AD,AD
1466,nsp,Rédaction,AD,AD
1467,Franck Menant,AD,H,Franck Menant
1468,nsp,NSP,AD,AD
1469,rédaction,Rédaction,H,Benjamin POMMIER
1470,"Carole TOLILA, animatrice",Journaliste,F,Carole TOLILA
1471,"Major Mouvement, kiné youtubeur",professionnel secteur,H,Major Mouvement
1472,"Marianne VOURCH, auteure, productrice, conférencière",auteur/réalisateur,AD,AD
1473,rédaction,Rédaction,H,AD
1474,"Damien ALLEMAND, journaliste Nice MAtin, Athina GARINO, Françoise ASTOLFI, psychologues",Journaliste,H,Damien ALLEMAND
1475,nsp,Rédaction,AD,AD
1476,"June LOPER, podcasteuse, réalisatrice",auteur/réalisateur,AD,AD
1477,"Sega KANOUTÉ, journaliste",Journaliste,H,Sega KANOUTÉ
1478,AD,NSP,AD,AD
1479,AD,NSP,AD,AD
1480,AD,NSP,AD,AD
1481,AD,NSP,AD,AD
1482,AD,NSP,AD,AD
1483,"Baudouin ESCHAPASSE, le Point",Journaliste,AD,AD
1484,rédaction,Rédaction,F,Laureline PINJON
1485,"Philippe Joubin avec la collaboration de la rédaction et du service documentation de Ouest-France,",Rédaction,H,"Sylvain DELAGE, Philippe JOUBIN"
1486,Pablo Maillé,Journaliste,H,Pablo Maillé
1487,rédaction,Rédaction,AD,AD
1488,service économie Sud Ouest,Rédaction,H,Pascal RABILLIER
1489,AD,AD,AD,AD
1490,rédaction,Rédaction,AD,AD
1491, Eva Roque + chroniqueurs,Journaliste,F,Eva Roque
1492,Philippe et Sandy,Journaliste,H+F,Philippe et Sandy
1493,Emmanuel Viau.,étudiant.e.s,H,étudiant.e.s
1494,journalistes de la rédaction,Rédaction,AD,AD
1495,Alexandre Delivet,professionnel secteur,H,Alexandre Delivet
1496,rédaction,Rédaction,AD,AD
1497,AD,AD,AD,AD
1498,"Thibault LARUE (auteur), journaliste",Journaliste,AD,AD
1499,AD,NSP,AD,AD
1500,AD,NSP,AD,AD
1501,AD,NSP,AD,AD
1502,AD,NSP,AD,AD
1503,AD,NSP,AD,AD
1504,AD,NSP,AD,AD
1505,AD,NSP,AD,AD
1506,"Natacha POLONY, dir magazine Marianne",Journaliste,F,"Natacha POLONY, dir magazine Marianne"
1507,AD,NSP,AD,AD
1508,AD,NSP,AD,AD
1509,AD,NSP,AD,AD
1510,AD,NSP,AD,AD
1511,AD,NSP,AD,AD
1512,AD,NSP,AD,AD
1513,rédaction,Rédaction,H,Yohann LEMORE
1514,"Nadia DAAM, journaliste",Journaliste,AD,AD
1515,rédaction,Rédaction,AD,AD
1516,AD,AD,AD,AD
1517,"Edouard Cissé, MAthieu LILLE-PALETTE",professionnel secteur,H,"Edouard Cissé, MAthieu LILLE-PALETTE"
1518,Théo Fortunato,auteur/réalisateur,H,Théo Fortunato
1519,"Anna BUY (écriture), réalisatrice, radio",auteur/réalisateur,AD,AD
1520,"Rémi GODEAU, rédac chef l'Opinion, Michel TOBELEM, membre Beyond associés",Journaliste,H,"Rémi GODEAU, Michel TOBELEM"
1521,AD,AD,AD,AD
1522,rédaction,Rédaction,AD,AD
1523,"Florian GAZAN, journaliste",Journaliste,AD,AD
1524,"Flo MASNADA, ancienne championne de ski alpin",professionnel secteur,AD,AD
1525,"Solène DELANNOY, comédienne, auteure",auteur/réalisateur,AD,AD
1526,rédaction,Rédaction,F,Laureline PINJON
1527,"Élise COSTA, journaliste freelance, Mathilde LARGETEAU, cheffe de projet digital, podcasteuse freelance",Journaliste,AD,AD
1528,"Clémentine Dupontavice, autrice, illustratrice",Artiste,AD,AD
1529,AD,AD,H,AD
1530,AD,AD,F,AD
1531,"Marie JOURDAIN, journaliste Indicateur des Flandres",Journaliste,F,Marie JOURDAIN
1532,"Esther, journaliste Mademoizelle",Journaliste,AD,AD
1533,AD,NSP,AD,AD
1534,AD,NSP,AD,AD
1535,Guillaume Di Grazia et Colin Bourgeat,Journaliste,H,Guillaume Di Grazia et Colin Bourgeat
1536,"Philippe COLLIN, producteur, journaliste",Journaliste,AD,AD
1537,"Maud VENTURA, journaliste, Marion LEMOINE, Léa DES GARETS",Journaliste,F,Léa DES GARETS
1538,AD,NSP,AD,AD
1539,AD,NSP,AD,AD
1540,AD,NSP,AD,AD
1541,AD,NSP,AD,AD
1542,rédaction,Rédaction,H,Clément GASSY
1543,AD ,AD,H,AD
1544,Liz Gomis & Silvain Gire,auteur/réalisateur,H+F,Liz Gomis & Silvain Gire
1545,AD,NSP,AD,AD
1546,AD,NSP,AD,AD
1547,AD,NSP,AD,AD
1548,AD,NSP,AD,AD
1549,AD,AD,AD,AD
1550,rédaction,Rédaction,F,AD
1551,Ninon de l'Indépendant,Rédaction,F,Ninon
1552,nsp,nsp,AD,AD
1553,"Conception éditoriale : Apolline Guichet, auteur, David Groison, journaliste",Journaliste,H,David GROISON
1554,"Jeanne-Maris DESNOS, autrice podcast",auteur/réalisateur,AD,AD
1555,rédaction,Rédaction,AD,AD
1556,Soumaya Benaissa.,Journaliste,F,Soumaya Benaissa.
1557,AD,AD,AD,AD
1558,"Hélène DUMONT, conseillère conjugale",professionnel secteur,F,Hélène DUMONT
1559,"Fernand DERROUSSEN, naturaliste sonore",professionnel secteur,AD,AD
1560,AD,AD,AD,AD
1561,AD,Journaliste,F,AD
1562,"Zazie et David, animateurs radio",Journaliste,H+F,Zazie et David
1563,"Hervé PALMIERIE, cuisinier, Michel CYMES, médecin, animateur",professionnel secteur,H,"Hervé PALMIERE, Michel CYMES"
1564,4 journalistes de La Voix du Nord et de 20 Minutes,Journaliste,H,Sébastien Boey
1565,nsp,nsp,H+F,AD
1566,AD,AD,AD,AD
1567,journalistes de la rédaction,Rédaction,F,Clémence LECART
1568,nsp,nsp,AD,AD
1569,"Ingrid LUQUET-GAD, critique d'art",professionnel secteur,F,Ingrid LUQUET-GAD
1570,"Pierre Dorian, Fred Weis, Stephen Brun",Journaliste,H,"Pierre Dorian, Fred Weis, Stephen Brun"
1571,AD,AD,AD,AD
1572,"Charlotte NAMURA, Saïd AMDAA, journalistes",Journaliste,AD,AD
1573,"Marina ROLLMAN, humoriste, comédienne",Artiste,AD,AD
1574,Bastien Bocquel,Journaliste,H,Bastien Bocquel
1575,rédaction,Rédaction,F,Multiples
1576,nsp,nsp,AD,AD
1577,AD,AD,AD,AD
1578,"Isabelle RIGAUD, diététicienne nutritionniste, spécialiste prévention santé",professionnel secteur,AD,AD
1579,"Walid BERRISSOUL, journaliste C dans l'air, Cécile AMAR, journaliste l'Obs",Journaliste,AD,AD
1580,Isabelle et Claire,NSP,AD,AD
1581,"Caroline LEE, ? Leslie TALAGA, traductrice",NSP,F,"Caroline LEE, Leslie TALAGA"
1582,"Marion ARMENGOD, fondatrice Make some Noise, journaliste",Journaliste,AD,AD
1583,Grégoire Belhoste,Journaliste,H,Grégoire Belhoste
1584,Marie Amélie Druesne,cheffe service digital femmes actuelles,F,Marie Amélie Druesne
1585,"Rémy ROCHON, directeur associé, Supernatifs",professionnel secteur,AD,AD
1586,Pierre ?,Rédaction,H,Pierre
1587,Antoine Molkhou & Julien Veniel,auteur/réalisateur,H,Antoine Molkhou & Julien Veniel
1588,Agathe Le Taillandier (animation,Journaliste,AD,AD
1589,"Lorenzo CALLIGAROT (animation), journaliste Télé 7 jours",Journaliste,AD,AD
1590,AD,AD,AD,AD
1591,Marie-Amélie DRUESNE,Journaliste,AD,AD
1592,"Camille SANSON (animation), journaliste télé 7 jours",Journaliste,AD,AD
1593,AD,AD,AD,AD
1594,nsp,NSP,AD,AD
1595,rédaction,Rédaction,H,Anthony GUILLE
1596,"Julien COURBET, journaliste",Journaliste,AD,AD
1597,membres du label,Studio de podcast,AD,AD
1598,rédaction,Rédaction,F,Blandine PIED
1599,"Phillipe PUJOL, Anne-Sophie LE BON, journalistes",Journaliste,AD,AD
1600,rédaction,Rédaction,H,Yohann LEMORE
1601,"Manon DESMELIE, journal des FLandres",Journaliste,F,Manon DESMELIE
1602,AD,AD,AD,AD
1603,Paloma Moritz,Journaliste,F,Paloma Moritz
1604,"Monsieur POULPE, animateur, Renée GREUSARD, journaliste",Journaliste,AD,AD
1605,rédaction,Rédaction,AD,AD
1606,rédaction,Rédaction,AD,AD
1607,"Anthony VINCENT, journaliste Mademoizelle",Journaliste,AD,AD
1608,rédaction,Rédaction,F,Margot DASQUE
1609,"Saskia DE VILLE, musicologue, journaliste, productrice",Journaliste,AD,AD
1610,nsp,NSP,AD,AD
1611,rédaction,Rédaction,AD,AD
1612,rédaction,Rédaction,H,AD
1613,Nicolas BEAUBOIS,Journaliste,H,Nicolas BEAUBOIS
1614,"Naya ALI, rappeuse, Rosa BURZSTEIN, comédienne, Laetitia REBOULLEAU, réadac chef agence de presse LR média, journalsite, Elvire DUVELLE-CHARLES, journaliste, réalisatrice, activiste, Chloé LEMN, Manon DELCOURT, Clarisse, Léa, Manon",Autres,AD,AD
1615,"Rémy BUISINE, vidéaste journaliste Brut,  Camille COURCY, journaliste, documentariste, Yagmur CENGIZ, reporter Brut, Charles VILLA, reporter Brut",Journaliste,AD,AD
1616,"Conception et coordination : Romain GOULOUMÈS / 20 Minutes ; Préparation, animation : Pauline Grisonni",Journaliste,AD,AD
1617,rédaction sportive,Rédaction,H,AD
1618,"Marine Vlahovic journaliste ""autrice et reporter tout terrain"" (twitter)",auteur/réalisateur,H+F,AD
1619,AD,AD,H,AD
1620,nsp,NSP,AD,AD
1621,"René FRYDMAN, gynécoloque, Julien LE BOT, journaliste, auteur-réalisateur",Journaliste,AD,AD
1622,rédaction,Rédaction,F,Audrey SAVOURIN
1623,"Antoine DECAUNES, comédien, animateur",Artiste,AD,AD
1624,Natoo,Artiste,AD,AD
1625,Gilles Bouleau,journaliste,H,Gilles Bouleau
1626,"Anne Millet (conseillère en stratégie éditoriale, créatrice de podcast), Olivia Maincent (journaliste-rédactrice), Vanessa Lambert (journaliste ex Ouest France)",Journaliste,F,AD
1627,"Philippe BLOCH, animateur",Autres,AD,AD
1628,"Sophie COSTE, animatrice",Journaliste,F,Sophie COSTE
1629,"Adèle Humbert, Emilie Denètre et Eva Goron.",Studio de podcast,F,AD
1630,élèves de la filière Info/Com du lycée Baudimont d'Arras,étudiant.e.s,H,AD
1631,rédaction,Rédaction,AD,AD
1632,"Stéphanie LOIRE, journaliste, aureure",Journaliste,H,Stephanie LOIRE
1633,La rédaction des sports de 20 minutes,Rédaction,AD,AD
1634,"Matthieu DEPRIECK, journaliste",Journaliste,H,MAtthieu DEPRIECK
1635,"Xavier YVON, journaliste",Journaliste,H,Xavier YVON
1636,rédaction,Rédaction,AD,AD
1637,"Damien JODEAU, ancien arbitre",professionnel secteur,AD,AD
1638, Jeanne Robet,auteur/réalisateur,F, Jeanne Robet
1639,"Marie PERRIN, chroniqueuse judiciaire",Journaliste,F,Marie PERRIN
1640,"Simon VANDENDYCK, développeur, podcasteur, photographe",auteur/réalisateur,AD,AD
1641,"Louis DURUFLé, co fondateur studio flamboyances",Studio de podcast,H,Louis DURUFLé
1642,Vanessa LAMBERT,Journaliste,AD,AD
1643,"Luc LE GONIDEC,  Rédacteur Chef, monteur son, Host Podcast cinéma ""Retour vers le Turfu"" ""#Shitlist"" et du podcast série ""Le Début de la Fin"" ",Studio de podcast,AD,AD
1644,AD,AD,AD,AD
1645,rédaction,Rédaction,AD,AD
1646,Guillaume Aubert,Journaliste,H,Guillaume Aubert
1647,"Cléa CHAKRAVERTY, cheffe de rubrique politique et société, the conversation (animation et conception)",Journaliste,AD,AD
1648,rédaction,Rédaction,AD,AD
1649,Éloïse Monziès,professionnel secteur,F,Éloïse Monziès
1650,"réalisé par François-Charles Domergue, coécrit par Elodie Ratsimbazafy, photographe, et Joséfa Lopez, Cheffe adjointe du service ""Evénementiel et partenariats éditoriaux"" · Le Monde produit par Joséfa Lopez pour Le Monde et Wave. audio. ",Journaliste,F,Julie GAYET
1651,"Marine TESSE, journaliste",Journaliste,AD,AD
1652,AD,AD,AD,AD
1653,Jérémi Nureni Banafunzi,auteur/réalisateur,H,Jérémi Nureni Banafunzi
1654,"Philippe SANDS, avocat",Autres,AD,AD
1655,nsp,NSP,AD,AD
1656,nsp,NSP,AD,AD
1657,rédaction,Rédaction,H,Multiples
1658,"Carole SERRAT, sophorologue",professionnel secteur,F,Carole SERRAT
1659,Pierrick GEAIS,Journaliste,H,Pierrick GEAIS
1660,nsp,NSP,F,AD
1661,"Anouk Cezilly,  Sarah Petitbon",NSP,AD,AD
1662,nsp,NSP,AD,AD
1663,nsp,nsp,AD,AD
1664,rédaction,Rédaction,H,Guillaume MASEO
1665,rédaction,Rédaction,AD,AD
1666,rédaction,Rédaction,F,AD
1667,"Anna MOUGLALIS, comédienne",Artiste,F,Anna MOUGLALIS
1668,"Anouk CEZILLY, productrice, audiovisuel",Autres,AD,AD
1669,nsp,Studio de podcast,AD,AD
1670,rédaction,Rédaction,AD,AD
1671,"Léopoldine DUFOUR (narration), journaliste, Régis TAILLANDIER (auteur, réalisateur), chef op son Radio France",Rédaction,AD,AD
1672,"nsp, marque?",NSP,AD,AD
1673,journalistes de la rédaction,Rédaction,F,Annabelle ROLNIN
1674,rédaction,Rédaction,F,Anabelle Rolnin
1675,"Emmanuel DUEZ, fondatrice organisation pour l'entreprenariat humaniste...",professionnel secteur,AD,AD
1676,Alix et Camille,NSP,AD,AD
1677,"Sophie CARBONNEL, journaliste spécialisée faits divers, agende de La Rochelle",Journaliste,F,Sophie CARBONNEL
1678,rédaction,Rédaction,F,AD
1679,Arnaud Poivre d'Arvor,Journaliste,H,Arnaud Poivre d'Arvor
1680,nsp,NSP,F,AD
1681,"Sébastien COUASNON, journaliste",Journaliste,AD,AD
1682,nsp,NSP,AD,AD
1683,AD,AD,AD,AD
1684,"Philippe BOURBEILLON, journaliste",Journaliste,H,Philippe BOURBEILLON
1685,rédaction,Rédaction,AD,AD
1686,Soumaya Benaissa.,Journaliste,F,Soumaya Benaissa.
1687,"Romain CAPDEPON, journaliste police/justice, La Provence",Journaliste,H,Romain CADEPON
1688,nsp,Studio de podcast,AD,AD
1689, Jean-Pierre Delor,Journaliste,H, Jean-Pierre Delor
1690,Paul Bertiaux,auteur/réalisateur,F,Bénédicte Huberson
1691,rédaction,Rédaction,AD,AD
1692,rédaction,Rédaction,H,Multiples
1693,"François VERMOREL (texte), auteur, Françoise CADOL (interprétation), comédienne",Studio de podcast,AD,AD
1694,nsp,Studio de podcast,AD,AD
1695,"Leila DAVAUD, Yoram MELLOUL, journalistes NIceMatin",Journaliste,H+F,"Leila DAVAUD, Yoram MELLOUL"
1696,"Jean-Marie RUSSE, référent technique, Républicain Lorrain",Autres,H,Jean-Marie RUSSE
1697,"Bruno FAURE, journaliste",Journaliste,AD,AD
1698,nsp,NSP,AD,AD
1699,"Jean-Alalin VERLARDO (présentation), comédien",Studio de podcast,AD,AD
1700,rédaction,Rédaction,AD,AD
1701,rédaction,Rédaction,AD,AD
1702,"Jean BERTHELOT DE LA GLETAIS, Anne-Charlotte DE LANGHE, Mathilde LOEUILLE, Marion RUAUD, Gabriel TAÏEB, journalistes",Journaliste,AD,AD
1703,rédaction,Rédaction,AD,AD
1704,"Céline ASSELOT, journaliste",Journaliste,AD,AD
1705,"journalistes de la rédaction ""Nos spécialistes""",Rédaction,H,AD
1706,"Emilia, journaliste",Journaliste,AD,AD
1707,rédaction,Rédaction,AD,AD
1708,Sarah Conan et Maud Ventura,Journaliste,F,AD
1709,"Carole VEGA, journaliste",Journaliste,AD,AD
1710,"Sundy JULES, youtubeur Bilal HASSANI, artiste, Sulivan GWED, influenceur, SparkDise, influenceur, et Wesley KRID, influenceur",Autres,AD,AD
1711,"Manon BRIL, historienne et vidéaste, Alex RAMIRÈS, comédien",Artiste,AD,AD
1712,"Nikos ALIAGAS, animateur",Autres,AD,AD
1713,"Bruno DAVID, naturaliste",professionnel secteur,AD,AD
1714,AD,AD,AD,AD
1715,"Jean BERTHELOT DE LA GLETAIS, Anne-Charlotte DE LANGHE, Mathilde LOEUILLE, Marion RUAUD, Gabriel TAÏEB, journalistes et des étudiants",Journaliste,AD,AD
1716,Pauline Roux,Journaliste,F,Pauline Roux
1717,Camille Juzeau autrice et réalisatrice radio et podcast,auteur/réalisateur,F,AD
1718,"Maxime SWITEK, Alain DUHAMEL, journalistes",Journaliste,AD,AD
1719,rédaction,Rédaction,H,AD
1720,AD,AD,AD,AD
1721,Johan Chiaramonte,auteur/réalisateur,H,Johan Chiaramonte
1722,Denis Robert,Journaliste,H,Denis Robert
1723,"Jean-Baptiste DROUET, rédac chef France dimanche",Journaliste,AD,AD
1724,Anais Therond,AD,F,Anais Therond
1725,"Phillipe CORBÉ, chef service politique BFM",Journaliste,AD,AD
1726,"Pascale Robert-Diard, chroniqueuse judiciaire",Journaliste,F,Pascale ROBERT-DIARD
1727,"Jamy, animateur",Journaliste,AD,AD
1728,rédaction,Rédaction,AD,AD
1729,Marine Baousson,Journaliste,F,Marine Baousson
1730,"Rachel TREVES, psychologue, clinicienne",professionnel secteur,AD,AD
1731,"Pauline Lambert, animatrice à Radio Classique et Christophe Rousset, claveciniste",Journaliste,H+F,"Pauline Lambert, animatrice à Radio Classique et Christophe Rousset, claveciniste"
1732,"Ghita TAGHI, journaliste",Journaliste,AD,AD
1733,"Adèle Ponticelli (production), Jeanne Boëzec (production,  Quentin Tenaud (réalisation), Jean-Guillaume Santi (présentation), Morgane Tual (production et présentation), Amandine Robillard (réalisation) ; Garance Muñoz (production) ; Cyrielle Bedu (production)",Rédaction,F,Morgane TUAL
1734,"Antoine BOYER, journaliste AFP, Sarah-Lou LEPERS, journaliste audio AFP",Journaliste,AD,AD
1735,"Matilde MESLIN, responsable Slate audio et spécialiste podcasts",Journaliste,AD,AD
1736,"Louis DURUFLÉ, cofondateur studio FLamboyances",Studio de podcast,AD,AD
1737,rédaction,Rédaction,AD,AD
1738,"Anna Sylvestre-Treiner, Carole Lembezat, Flora Trouilloud, Virginie Lepetit, Thomas Hofnung, Antoine Dabrowski, Pascale Boyen, Joffrey Ricome et Claire Carrard.",Journaliste,AD,AD
1739,AD,AD,AD,AD
1740,"Quentin BRUNEL, membre TMLI",professionnel secteur,AD,AD
1741,rédaction,Journaliste,F,AD
1742,Pierre d’Almeida ,Journaliste,H,Pierre d’Almeida 
1743,"Caroline HALAZY, journaliste, Charlotte LE BON, comédienne, animatrice",Journaliste,AD,AD
1744,nsp,NSP,AD,AD
1745,"Pénélope BOEUF, fondatrice studio la toile sur écoute",auteur/réalisateur,AD,AD
1746,Géraldine Sarratia (production) ; Diane Lisarelle ; Mélissa Phulpin ; Guilaume Girauls (réalisation) ; Emmanuel Baux (réalisation) ; ,Studio de podcast,F,Géraldine SARRATIA
1747,rédaction,Rédaction,H,AD
1748,"Christelle CHIROUX, médiatrice de l'information lci",Journaliste,AD,AD
1749,"nsp, marque?",NSP,AD,AD
1750,Oxmo Puccino,auteur/réalisateur,H,AD
1751,"Sarah TREILLE STEFANI, professeure d'arts dramatiques, créatrice dep odcasts, Margaux REVOLLET",auteur/réalisateur,AD,AD
1752,AD,AD,AD,AD
1753,"Benjamin MULLER, journaliste",Journaliste,AD,AD
1754,nsp,NSP,AD,AD
1755,"Andréa BESCOND, Mathieu TUCKER",auteur/réalisateur,AD,AD
1756,"Cherif GHEMMOUR, journaliste",Journaliste,H,Cherif GHEMMOUR
1757,"Thibaud DELAVIGNE, producteur et auteur de podcasts, fondateur de l'Officine, Charlie DUPIOT, journaliste, Antoine JAUNIN, journaliste",Journaliste,AD,AD
1758,"Cyril DION, auteur, réalisateur, activiste",Activiste/associatif,AD,AD
1759,rédaction,Rédaction,H,AD
1760,Judith Duportail,auteur/réalisateur,F,Judith Duportail
1761,"Morane AUBERT, journaliste",Journaliste,AD,AD
1762,rédaction,Rédaction,AD,AD
1763,Les Cavalcades,Studio de podcast,AD,AD
1764,"Ambroise CARRIERE, fondateur d'un studio de podcast",auteur/réalisateur,AD,AD
1765,"Judith DUPORTAIL, journaliste",Journaliste,AD,AD
1766,"Pauline PAILLASSA, journaliste podcast, Les Jours",Journaliste,AD,AD
1767,"Kalindi, journaliste cinéma Mademoizelle",Journaliste,AD,AD
1768,Nolwenn Thivault,AD,F,Nolwenn Thivault
1769,AD,AD,AD,AD
1770,"Renée GREUSARD, journaliste à l'Obs",Journaliste,AD,AD
1771,"Pénélope BOEUF, fondatrice studio la toile sur écoute",auteur/réalisateur,AD,AD
1772,"Sophie IBORRA, direction de l'engagement La Tribune",amateur/concerné,F,Sophie IBORRA
1773,AD,AD,AD,AD
1774,Jérôme Cheval (concepton éditoriale) ; Leé Minod (Reportage) ; Charlène Nouyoux (Réalisation),Rédaction,F,AD
1775,Guillaume Moreau,AD,H,Guillaume Moreau
1776,"François REYNAERT, journaliste et chroniqueur l'Obs",Journaliste,AD,AD
1777,"Guillaume BERTRAND, guide-conférencier",professionnel secteur,H,Guillaume BERTRAND
1778,AD,AD,F,AD
1779,"Bruno DIVE (éditorialisate de la rédaction), Jefferson DESPORT (journaliste politique de la rédaction), Maud RIEU, journaliste de la rédaction (présentation)",Journaliste,F,Maud RIEU
1780,"udith Chétrit, réalisé par Alexandre Ferreira, produit par Joséfa Lopez pour Le Mond",Journaliste,F,AD
1781,"Le podcast est présenté par la journaliste passionnée Ghita Taghi dans une série de 4 épisodes de 30 minutes.

Un podcast créé avec Monoprix, curateur de ces vignerons et vigneronnes qui font ces vins de demain. Une sélection à retrouver chez Monoprix.",Journaliste,F,Ghita Taghi
1782,"Nicolas JAMAIN, journaliste",Journaliste,AD,AD
1783,"Florent, Studio minuit",Studio de podcast,AD,AD
1784,"Sophie FONTANEL, journaliste, écrivaine",Journaliste,AD,AD
1785,rédaction,Rédaction,AD,AD
1786,"Salim BAUNGALLY, Flora MOUSSY, journalistes, Loic MOREAU, data journaliste",Journaliste,AD,AD
1787,Flora Moussy,Journaliste,F,Flora Moussy
1788,nsp,Rédaction,F,Marine DITTA
1789,"Benoît TONSON, chef de rubrique science, Frabrice ROUSSELOT, directeur rédaction (conception)",Journaliste,AD,AD
1790,AD,Autres,AD,AD
1791,"Gérard NOIRIEL, historien",professionnel secteur,AD,AD
1792,"Lanrent TILLON, responsable biodiversité de l'Office national des forêts (ONF),rnu gonzague",Activiste/associatif,AD,AD
1793,"Lucile BELLAN, journaliste freelance",Journaliste,AD,AD
1794,"Leia SANTACROCE (animation), journaliste, Lucas WYBO, prducuteur de podcast pour Prisma, , Clara MATET, réalisatrice de podcasts pour  Prisma, Emeline FERARD, journaliste web Geo",Rédaction,AD,AD
1795,rédaction,Rédaction,AD,AD
1796,AD,AD,F,AD
1797,AD,AD,H,AD
1798,AD,AD,H,AD
1799,AD,AD,F,AD
1800,rédaction,Rédaction,AD,AD
1801,nsp,NSP,AD,AD
1802,"Thierry Henry, footballeur (présentation)",professionnel secteur,AD,AD
1803,"""en association"" avec François Pesenti, directeur RMC Sport, et MArc Loyld, résident de Eleven Content et ex directeur des productions digitales Audio et Vidéo BFM et RMC, présenté par Tony Parker",professionnel secteur,AD,AD
1804,"Gabriella, journaliste RFI",Journaliste,AD,AD
1805,rédaction,Rédaction,F,AD
1806,"Anaël PIGEAT, journaliste, critique d'art",Journaliste,AD,AD
1807,Lolita Mang,AD,F,Lolita Mang
1808,Karine Le Loët & Derya Yildiz ,auteur/réalisateur,F,Karine Le Loët & Derya Yildiz 
1809,ad,ad,ad,ad
1810,rédaction,Rédaction,F,Emilie CHAUMET
1811,"nsp, marque?",NSP,AD,AD
1812,"Alexandra CAGNARD, journaliste, productrice podcast",Journaliste,AD,AD
1813,"Benoit BOUTRON, Loic TANZI, journalistes",Journaliste,AD,AD
1814,"Benoit Boutron, Fabrice Hawkins et Mathieu Bodmer.",Journaliste,H,"Benoit Boutron, Fabrice Hawkins et Mathieu Bodmer."
1815,nsp,NSP,AD,AD
1816,"Béatrice FONTANEL, auteure",Artiste,AD,AD
1817,nsp,NSP,F,Aline
1818,"Edith Bouvier ; Céline Martelet, journalistes Grands Reporters spécialistes du Moyen-Orient",Journaliste,F,AD
1819,rédaction,Rédaction,H,Jimmy BOURSICOT
1820,nsp,NSP,AD,AD
1821,"Suzanne GERVAIS, productrice radiophonique",Autres,AD,AD
1822,"Nicolas LANSALOT, journaliste émission tv Transversales",Journaliste,AD,AD
1823,"Jérémy TROTITN, chef du service politique RMC",Journaliste,AD,AD
1824,D. GALLEY,NSP,H,AD
1825,"Charlie DUPIOT, journaliste",Journaliste,AD,AD
1826,"Jules GRANDSIRE, responsable de la communication des astronautes européens à l'ESA",professionnel secteur,AD,AD
1827,"Guillaume GIRAULT, auteur-réalisateur, Benoît THAULT, réalisateur, producteur, Richard GAITET, journaliste",auteur/réalisateur,AD,AD
1828,"Réalisé par Guillaume Girault et Benoît Thuault, avec les voix d'Imane Bounar, Alexis Breton, Isadora Dartial, Richard Gaitet, Mélanie Mallet, Sophie Marchand, Thierry Paret, Reza Pounewatchy et Bastien Stisi.

",Rédaction,H+F,"avec les voix d'Imane Bounar, Alexis Breton, Isadora Dartial, Richard Gaitet, Mélanie Mallet, Sophie Marchand, Thierry Paret, Reza Pounewatchy et Bastien Stisi."
1829,"Alexandre Morgan,","Prof, chercheurs",AD,AD
1830,"Laura TAOUCHANOV, autrice de podcast, formation journaliste (non affiliée à 20 minutes)",Journaliste,AD,AD
1831,"Stephane GENÊT, professeur d'Histoire","Prof, chercheurs",AD,AD
1832,"Sophie MARCHAND, rédac chef, Nova",Journaliste,AD,AD
1833,Sophie Marchand,Journaliste,F,Sophie Marchand
1834,Joachim Barbier ,AD,H,Joachim Barbier 
1835,AD,AD,AD,AD
1836,"Emma POTIER, brand content manager Ausha, Robin, content manager junior, Ausha",professionnel secteur,AD,AD
1837,"Marion CALAIS, journaliste",Journaliste,AD,AD
1838,Adam.M,auteur/réalisateur,H,Adam.M
1839,Camille Bichler,NSP,AD,AD
1840,AD,AD,AD,AD
1841,nsp,Journaliste,F,AD
1842,rédaction ,rédaction,AD,AD
1843,Ben,NSP,AD,AD
1844,rédaction,rédaction,AD,AD
1845,"Clément CREPU, journaliste",Journaliste,AD,AD
1846,nsp,NSP,AD,AD
1847,"Léonard ANTHONY, praticien hypnose",professionnel secteur,H,Léonard ANTHONY
1848,AD,AD,H,AD
1849,"Guillaume MEURICE, humoriste, chroniqueur",Artiste,AD,AD
1850,rédaction,Rédaction,F,Caroline BINDEL
1851,Les Cavalcades,Studio de podcast,AD,AD
1852,"Thierry WOJCIAK, rédac chef adjoit",Journaliste,H,Thierry WOJCIAK
1853,Alice Creusot,NSP,AD,AD
1854,AD,AD,AD,AD
1855,Yves Deloison,auteur/réalisateur,H,Yves Deloison
1856,rédaction sportive,Rédaction,H,Vincent MARTINELLI
1857,Cassandre,Studio de podcast,F,AD
1858,Thomas Ngijol,NSP,AD,AD
1859,rédaction,Rédaction,AD,AD
1860,"Constance VILANOVA, Gaspard WALLUT, journalistes",Journaliste,AD,AD
1861,"Thomas MOYSAN, journaliste",Journaliste,H,Thomas MOYSAN
1862,nsp,NSP,AD,AD
1863,rédaction,Rédaction,AD,AD
1864,rédaction,Rédaction,H,Edouard ODIEVRE
1865,"Véronique MORTAIGNE, journaliste et biographe de Césaria Evoria",Journaliste,AD,AD
1866,Un podcast écrit par la journaliste et biographe de Cesária Évora Véronique Mortaigne et raconté par le rappeur d'origine cap-verdienne Stomy Bugsy.,Journaliste,H,Stomy Bugsy
1867,"Latifa OULKHOUIR, directrice Bondy Blog",Activiste/associatif,AD,AD
1868,NSP,NSP,F,AD
1869,"Salomé BERLIOUX, fondatrice et directrie générale de l'association Chemins d'avenirs",Activiste/associatif,AD,AD
1870,"Valérie SIMON, rédactrice, coordinatrice du Hit",Journaliste,F,Valérie SIMON
1871,"animé et coproduit par Joséfa Lopez pour Le Monde. Réalisation : Eyeshot. Identité graphique : Mélina Zerbib. Partenariat : Sonia Jouneau, Victoire Bounine. Partenaire : Espace Mendès France.",Journaliste,F,Joséfa LOPEZ
1872,AD,AD,AD,AD
1873,AD,AD,AD,AD
1874,"Moussa N'DIAYE, enseignant SES en lycée 93","Prof, chercheurs",AD,AD
1875,nsp,NSP,AD,AD
1876,"Jean BERTHELOT DE LA GLETAIS, Anne-Charlotte DE LANGHE, Mathilde LOEUILLE, Marion RUAUD, Gabriel TAÏEB, journalistes",Journaliste,AD,AD
1877,rédaction,Rédaction,H,Frederic BONET 
1878,AD,AD,AD,AD
1879,rédaction,Rédaction,H,Matis GARDENT
1880,"Direction éditoriale : Joël Morio/« Le Monde Argent ». Reportage : Martine Abat. Réalisation et mix : François-Charles Domergue. Production : Thomas Baumgartner/wave.audio. Partenariat : Anne Le Calvé, Sonia Jouneau.",Journaliste,F,Martina B. 
1881,Gérald Ariano,Journaliste,H,Gérald Ariano
1882,rédaction,Rédaction,H,AD
1883,l'équipe de Territoires audacieux,Rédaction,F,AD
1884,"Constance DE SCHOMPRÉ, ntrepreneuse, influenceuse, maman, passionnée de sport",amateur/concerné,F,Constance DE SCHROMPRÉ
1885,rédaction,Rédaction,AD,AD
1886,"Angèle CHATELIER, journaliste",Journaliste,AD,AD
1887,nsp,Studio de podcast,AD,AD
1888,Camille RIVIECCIO,Journaliste,F,Camille RIVIECCIO
1889,"Clément LEFEBVRE, journaliste",Journaliste,H,Clément LEFEBVRE
1890,Louise Régent,auteur/réalisateur,F,Louise Régent
1891,"Un podcast présenté par Jenny Finkelstein, fondatrice du média Sisters Astro et écrit par l’astrologue professionnelle Chloé Zeitoun. A la rédaction en chef : Maud Ventura.

",professionnel secteur,F,Chloé Zeitoun
1892,Eloïse Barrège,community builder chez Ausha,F,Eloïse Barrège
1893,AD,AD,AD,AD
1894,Pierre DAYMÉ (auteur) rédac chef radio france ; Juliette MEDEVIELLE (réalisation),Journaliste,H,Pierre DAYMÉ
1895,nsp,NSP,AD,AD
1896,rédaction,Rédaction,AD,AD
1897,"Emilie DRUGEON, journaliste pigisite, Olivia VILLAMY, journaliste",Journaliste,AD,AD
1898,"Adèle HUMBERT, fondatrice Insider podcast, productrice Emilie DENÈTRE, journaliste",Journaliste,AD,AD
1899,"Adèle Humbert, Emilie Denètre",Studio de podcast,F,AD
1900,"Ambre GAUDET, (auteure), ",auteur/réalisateur,F,AD
1901,rédaction,Rédaction,AD,AD
1902,AD,Journaliste,F,AD
1903,Mickael Icard,AD,H,Mickael Icard
1904,"Maëlle LE CORRE, journaliste société Mademazoille",Journaliste,AD,AD
1905,nsp,"Prof, chercheurs",AD,AD
1906,"Muriel FLORIN, journaliste",Journaliste,F,Muriel FLORIN
1907,Hélène Assekour,auteur/réalisateur,F,Hélène Assekour
1908,Delphine et Greg,Studio de podcast,AD,AD
1909,rédaction,Rédaction,AD,AD
1910,AD,AD,AD,AD
1911,"Tâm Tran HUY, journaliste",Journaliste,AD,AD
1912,"Mahaut CHAUDOUËT-DELMAS, conseillère technique, haut conseil à l'égalité",Activiste/associatif,AD,AD
1913,rédaction,Rédaction,H+F,AD
1914,Loïc Landrau,Journaliste,H,Loïc Landreau
1915,rédaction,Rédaction,H,Martial MEHR
1916,journalistes de la rédaction,Rédaction,H,Jean-Mathieu PERNIN
1917,Patrice Gélinet,Journaliste,H,Patrice Gélinet
1918,"Elodie PETIT, Elisa CASSON, rédac chef adjointe, journaliste beauté",Journaliste,AD,AD
1919,"Jean-Michel APHATIE, journaliste",Journaliste,AD,AD
1920,"Laurence PEURON, journaliste",Journaliste,AD,AD
1921,Camille Descroix,auteur/réalisateur,F,Camille Descroix
1922,"Lola BRETON, Thierry LÉVÊQUE, journalistes",Journaliste,AD,AD
1923,rédaction,Rédaction,AD,AD
1924,Steve Jourdin,Journaliste,H,Steve Jourdin
1925,"Aïda DJOUPA, journaliste, éditrice de témoignages",Journaliste,AD,AD
1926,nsp,NSP,AD,AD
1927,nsp,NSP,AD,AD
1928,"Paul Max MORIN, docteur en science politique, Justine PEREZ, autrice et productrice de podcast 13 prods, Maxime RUIZ, auteur","Prof, chercheurs",AD,AD
1929,rédaction,Rédaction,H+F,Multiples
1930,étudiants du MC2 Panthéon-Assas,étudiant.e.s,H+F,F+H
1931,"Jeanne LACAILLE, journaliste",Journaliste,AD,AD
1932,Un podcast écrit et raconté par Jeanne Lacaille et produit par Benoit Thuault.,Journaliste,F,Jeanne Lacaille
1933, Prises de son : Pierre Costard & Félix Blume - Réalisation & mixage : Félix Blume,auteur/réalisateur,H, Prises de son : Pierre Costard & Félix Blume - Réalisation & mixage : Félix Blume
1934,rédaction,Rédaction,AD,AD
1935,rédaction,Rédaction,H,AD
1936,Rédaction en chef : Fabienne Lemahieu et Dominique Greiner. Journaliste au service Religion : Gilles Donada. Chargée de production : Célestine Albert-Steward. Réalisation : Flavien Edenne et Gilles Donada. Montage : Gilles Donada. Mixage : Gabriel Fadavi. Responsable marketing : Laurence Szabason. Visuel : Isaline Moulin. Musique : Sœur France Hélène. ,Rédaction,H,AD
1937,rédaction,Rédaction,AD,AD
1938,"Victoire DAUXERRE, auteure, ex-mannequin",auteur/réalisateur,AD,AD
1939,"Vincent PELLEGRINO, journaliste Canal +, pigiste (animation)",Journaliste,AD,AD
1940,"Présentation: Vincent Pellegrino

Production et réalisation: Slate Studio

Musique: «Let it happen», South London HiFi",Rédaction,H,Vincent Pellegrino
1941,"Maud RIEU (réalisation, montage), service documentation du journal Sud Ouest",Rédaction,F,Maud RIEU
1942,rédaction,Rédaction,F,Anne-Emmnauelle ISAAC
1943,"Pascale GÉTIN, journaliste juridique",Journaliste,AD,Pascale GÉTIN
1944,"Yves PULICI, journaliste",Journaliste,AD,AD
1945,"Guy-Emmanuel CARIOT, prêtre",professionnel secteur,H,Guy-Emmanuel CARIOT
1946,Manon Tournant,professionnel secteur,F,Manon Tournant
1947,rédaction,rédaction,AD,AD
1948,AD,AD,AD,AD
1949,"Marie-Christine VIDAL, rédac chef mensuel Panorama",Journaliste,AD,AD
1950,Thibaut AUSTRUY,Journaliste,H,Thibaut AUSTRUY
1951,rédaction,Journaliste,H,Christophe PARRA
1952,"Grégory PHILLIPS, journaliste",Journaliste,AD,AD
1953,"Océane LAPARADE, Christophe PARRA, journalistes (animation",Journaliste,H+F,"Océane LAPARADE, Christophe PARRA"
1954,"Marion GALY-RAMOUNOT (présentation), redac chef adjointe Le figaro",Journaliste,AD,AD
1955,rédaction,Rédaction,AD,AD
1956,"Véronique ALZIEU, journaliste",Journaliste,AD,AD
1957,"Marie LAVANDIER, directrice du Louvre Lens",Autres,F,Marie LAVANDIER
1958,nsp,NSP,AD,AD
1959,"Renaud POURPRE, PHD","Prof, chercheurs",H,Renaud POURPRE
1960,"Sarah-Lou LEPERS, journaliste audio AFP,  Antoine BOYER, journaliste AFP, et Camille KAUFFMAN, journaliste AFP",Journaliste,AD,AD
1961,nsp,NSP,AD,AD
1962,"Charline GAUTHERET, infirmière puéricultrice, Merry ROYER, créatrice de podcast (co-écriture, réalisation)",Autres,AD,AD
1963,AD,AD,AD,AD
1964,"Latifa MOUAOUED, journaliste",Journaliste,AD,AD
1965,AD,AD,AD,AD
1966,Myriam Loriol,Journaliste,F,Myriam Loriol
1967,Richard Gaitet,auteur/réalisateur,H,Richard Gaitet
1968,Solène et Emilie,amateur/concerné,F,AD
1969,Aziliz Le Corre (présentation),Rédaction,F,Aziliz LE CORRE
1970,David Garbous,AD,H,David Garbous
1971,Charlotte Giorgi,AD,F,Charlotte Giorgi
1972,"Gautier DEPAMBOUR, doctorant","Prof, chercheurs",H,Gautier DEPAMBOUR
1973,AD,AD,AD,AD
1974,"Elise GOLDFARB, Julia LAYANI, journalistes, entrepreneures",Journaliste,AD,AD
1975,rédaction,Rédaction,H,AD
1976,"Laurent COCHINI, managing director Sixième Son",professionnel secteur,H,Laurent COCHINI
1977,AD,AD,AD,AD
1978,"Catherine NAY, journaliste",Journaliste,AD,AD
1979,Joséfa Lopez et Isabelle Hennebelle,Journaliste,F,AD
1980,Joséfa Lopez & Alice Raybaud,Journaliste,F,AD
1981,rédaction,Rédaction,AD,AD
1982,"Louis DURUFLé, co fondateur studio flamboyances",Studio de podcast,H,Louis DURUFLé
1983,rédaction,Rédaction,AD,AD
1984,"Michel ROMMEL, co-fonsateur Studio FLamboyances",Studio de podcast,H,Michel ROMMEL
1985,"Maxime TELLIER, journaliste",Journaliste,AD,AD
1986,Christopher Ciminelli,professionnel secteur,H,Christopher Ciminelli
1987,rédaction,Rédaction,AD,AD
1988,"Sarah-Lou LEPERS, journaliste audio AFP,  Antoine BOYER, journaliste AFP, et Camille KAUFFMAN, journaliste AFP",Journaliste,AD,AD
1989,rédaction,Rédaction,H,Frédéric BONET
1990,AD,AD,AD,AD
1991,Jean Zeid,AD,H,Jean Zeid
1992,AD,AD,AD,AD
1993,"Jean-Christophe DROUET, journaliste",Journaliste,AD,AD
1994,AD,AD,AD,AD
1995,"Luc LE GONIDEC,  Rédacteur Chef, monteur son, Host Podcast cinéma ""Retour vers le Turfu"" ""#Shitlist"" et du podcast série ""Le Début de la Fin"" ",Studio de podcast,AD,AD
1996,AD,AD,AD,AD
1997,rédaction,rédaction,AD,AD
1998,Melissa Lepoureau,AD,F,Melissa Lepoureau
1999,nsp,NSP,F,AD
2000,Jean-Claude Ballatore,professionnel secteur,H,Jean-Claude Ballatore
2001,"Marie DOUCHE, auteure, Elodie GONCALVES, content lead app, Majelan, MArgaux GRANCHET, resp studio Majelan",Studio de podcast,AD,AD
2002,"Marie DOUCHE, auteure, Elodie GONCALVES, content lead app, Majelan, MArgaux GRANCHET, resp studio Majelan",Studio de podcast,AD,AD
2003,"Marie DOUCHE, auteure, Elodie GONCALVES, content lead app, Majelan, MArgaux GRANCHET, resp studio Majelan",Studio de podcast,AD,AD
2004,"Marie DOUCHE, auteure, Elodie GONCALVES, content lead app, Majelan, MArgaux GRANCHET, resp studio Majelan",Studio de podcast,AD,AD
2005,"Marie DOUCHE, auteure, Elodie GONCALVES, content lead app, Majelan, MArgaux GRANCHET, resp studio Majelan",Studio de podcast,AD,AD
2006,"Marie DOUCHE, auteure, Elodie GONCALVES, content lead app, Majelan, MArgaux GRANCHET, resp studio Majelan",Studio de podcast,AD,AD
2007,"Marie DOUCHE, auteure, Elodie GONCALVES, content lead app, Majelan, MArgaux GRANCHET, resp studio Majelan",Studio de podcast,AD,AD
2008,"Marie DOUCHE, auteure, Elodie GONCALVES, content lead app, Majelan, MArgaux GRANCHET, resp studio Majelan",Studio de podcast,AD,AD
2009,"Marie DOUCHE, auteure, Elodie GONCALVES, content lead app, Majelan, MArgaux GRANCHET, resp studio Majelan",Studio de podcast,AD,AD
2010,"Marie DOUCHE, auteure, Elodie GONCALVES, content lead app, Majelan, MArgaux GRANCHET, resp studio Majelan",Studio de podcast,AD,AD
2011,"Marie DOUCHE, auteure, Elodie GONCALVES, content lead app, Majelan, MArgaux GRANCHET, resp studio Majelan",Studio de podcast,AD,AD
2012,"Marie DOUCHE, auteure, Elodie GONCALVES, content lead app, Majelan, MArgaux GRANCHET, resp studio Majelan",Studio de podcast,AD,AD
2013,Halima Elkhatabi,auteur/réalisateur,F,Halima Elkhatabi
2014,AD,AD,AD,AD
2015,"Alain FAURITTE, journaliste",Journaliste,AD,AD
2016,AD,AD,AD,AD
2017,nsp,NSP,AD,AD
2018,"Frédéric WORMS, philosophe",professionnel secteur,AD,AD
2019,Les chercheuses de l'Institut Veblen,"Prof, chercheurs",AD,AD
2020,"Brak, streamer e-sport, et Louis, animateur",Autres,H,Brak et Louis
2021,Paul Bertiaux,auteur/réalisateur,H,Paul Bertiaux
2022,"Aurélie CANZONERI, naturopathe",professionnel secteur,F,Aurélie CANZONERI
2023,AD,AD,AD,AD
2024,AD,AD,AD,AD
2025,rédaction,Rédaction,H,AD
2026,"Nabil Wakim, journaliste",Journaliste,H,Nabil WAKIM
2027,"Écriture et voix : Veronika Dorman, avec la participation de Marat Gabidullin",Journaliste,F,Veronika DORMAN
2028,"Thierry LYONNET, journaliste",Journaliste,AD,AD
2029,nsp,NSP,AD,pas d'Host
2030,Clothilde Dagnaux,Journaliste,F,Clothilde Dagnaux
2031,"Vincent BRUNNER, journaliste",Journaliste,AD,AD
2032,Céline Kajoulis,Journaliste,F,Céline Kajoulis
2033,"Chloé TRIOMPHE, journaliste",Journaliste,AD,AD
2034,rédaction,Rédaction,AD,AD
2035,Nina PAREJA,Journaliste,AD,AD
2036,nsp,NSP,AD,AD
2037,Esteban Wending,Journaliste,H,Esteban Wending
2038,Céline PUERTAS,Journaliste,AD,AD
2039,Anaïs et Loup Loup Lassinat-Foubert,Journaliste,H+F,Anaïs et Loup
2040,Edie,NSP,AD,AD
2041,"KEvin FINEL, formateur et hypnose",professionnel secteur,H,Kevin FINEL
2042,non précisé,NSP,AD,AD
2043,AD,AD,AD,AD
2044,"Timothée LE VERT, client services director",professionnel secteur,H,Timothée LE VERT
2045,rédaction,Rédaction,AD,AD
2046,Emilie Mendy,auteur/réalisateur,F,Emilie Mendy
2047,nsp,NSP,AD,AD
2048,Yves Thréard,Journaliste,H,Hervé HAUBOLDT
2049,Emmanuel,NSP,H,AD
2050,Pierre-Yves Crochet,AD,H+F,"Marine Ditta, Diane Douzillé, Pierre-Yves Crochet"
2051,"Isadora DARTIAL, journaliste",Journaliste,AD,AD
2052,"Chercheurs d'or, un podcast conçu et imaginé par Isadora Dartial. Réalisé par Guillaume Girault, Benoit Thuault et Mathieu Boudon.
",Rédaction,F,Isadora Dartial 
2053,AD,AD,F,AD
2054,Pauline Grisoni,Journaliste,F,Pauline Grisoni
2055,AD,AD,AD,AD
2056,Nicolas Laffitte,AD,H,Nicolas Laffitte
2057,"saison 1 , par Michel Pomarède et Gilles Mardirossian; saison 2  par Michel Pomarède et Gilles Mardirossian; 
saison 3 :par Michel Pomarède et Charlotte Roux; saison 4  Johanna Bedeau et Gilles Mardirossian; ;  saison 5 par Nour-Eddine Zidane et Eric Lancien; saison 6 , par Joanna Szybist et Laure-Hélène Planchet
 saison 7 :par Michel Pomarède et Jean-Philippe Navarre ; saison 8  par Michel Pomarède et Jean-Philippe Navarre",Journaliste,H+F,cf case de gauche
2058,Anaïs ??,AD,F,AD
2059,Emilie DELAUNEY,Artiste,AD,AD
2060,"Kenza NAAIMI, journaliste ",Journaliste,F,Kenza NAAIMI
2061,Romain Cavallin & Matthieu Cauchy,auteur/réalisateur,H,Romain Cavallin & Matthieu Cauchy
2062,Sophie Rosemont et Christophe Conte,Journaliste,H+F,Sophie Rosemont et Christophe Conte
2063,Emmanuel VIAU et Céline ROUSSEAU,Journaliste,H+F,Emmanuel VIAU et Céline ROUSSEAU
2064,"Raphaël COURNAULT, prêtre",Autres,H,Raphaël COURNAULT
2065,"Production : France Bleu Auxerre, France Bleu Béarn Bigorre, France Bleu Cotentin, France Bleu Limousin, France Bleu Normandie
Voix intro et outro : Maxence Petitjean
Identité sonore : Hervé Bouley
Visuels : atelier graphique – Louise Aubin
Documentaliste INA : Sophie Henocq
Direction de l’information France Bleu : Maxence Petitjean
Production exécutive : Thomas Biasci",Rédaction,H,Maxence Petitjean
2066,Camille Testes,Journaliste,F,Camille Testes
2067,nsp,NSP,AD,AD
2068,AD,AD,AD,AD
2069,Mina Soundiram,Journaliste,F,Mina Soundiram
2070,David Commeillas et Christophe Payet,professionnel secteur,H,Molécule / Romain
2071,"Un podcast produit par Radio Propaganda pour la Philharmonie de Paris dans le cadre de l’exposition Hip-Hop 360, en partenariat avec Radio Nova. Écriture : Sébastien Carayol et Franck Haderer. Réalisation : Franck Haderer. Voix off : Bintou Simpore et Karine Bonjour. L’exposition Hip-Hop 360 est à découvrir jusqu’au 24 juillet 2022 à la Philharmonie de Paris.",Rédaction,F,Bintou Simpore et Karine Bonjour.
2072,Karine Micard.,AD,F,Karine Micard.
2073,Alexia Duchêne,professionnel secteur,F,Alexia Duchêne
2074,Dominique Rizet,Journaliste,H,Dominique Rizet
2075,AD,AD,AD,AD
2076,AD,AD,AD,AD
2077,"Pauline PAILLASSA, journaliste podcast, Les Jours",Journaliste,F,"Pauline PAILLASSA, journaliste podcast, Les Jours"
2078,nsp,NSP,H,AD
2079,nsp,nsp,F,F
2080,Yves Pulicci,Journaliste,H,Yves Pulicci
2081,Pierre Kupferman,Journaliste,H,Pierre Kupferman
2082,Richard Gaitet,Journaliste,H,Richard Gaitet
2083,Pauline Roux,AD,AD,AD
2084,nsp,NSP,AD,AD
2085,François Beaune,écrivain,H,François Beaune
2086,AD,AD,AD,AD
2087,AD,Journaliste,H,AD
2088,Mathieu Coureau et Clément Commolet,Journaliste,H,Mathieu Coureau et Clément Commolet
2089,Pierre Haski,Journaliste,H,Pierre Haski
2090,nsp,NSP,AD,Camille RIVIECCIO.
2091,AD,AD,AD,AD
2092,Philippe Collin,Journaliste,H,Philippe Collin
2093,"Marie LOPEZ, vidéaste, influenceuse",professionnel secteur,AD,AD
2094,"Jean-Joseph JULAUD, historien",professionnel secteur,AD,AD
2095,"Joséfa Lopez, Le Monde",Journaliste,F,AD
2096,"Matthew William Phelps, journaliste",Journaliste,AD,"Avec les voix de Philippe Maymat, Blanche Leleu, Léonie Pingeot, Pierre-Michel Dudan, Sophie Fogarassy, Sylvain Sounier et Valentine Alaqui."
2097,??,nsp,H,AD
2098,Adèle Ndjaki,AD,F,Adèle Ndjaki
2099,Jérôme Lachasse,Journaliste,H,Jérôme Lachasse
2100,AD,AD,AD,AD
2101,Matthew William Phelps,Journaliste,H,Matthew William Phelps
2102,Guillaume Diana,"Prof, chercheurs",H,Guillaume Diana
2103,Maëlle Auriol et Amélie Palmas,Journaliste,F,Maëlle Auriol
2104,nsp,NSP,AD,AD
2105,Robin ??,nsp,H,Robin ??
2106,Grégoire Levy,Rédaction,AD,AD
2107,Leslie Rijmenams,Journaliste,F,Leslie Rijmenams
2108,Céline Kalmann,Journaliste,F,Céline Kalmann
2109,Sarah Koskievic assistée de Louise Nguyen,Journaliste,H,Olivier Marchal
2110,AD,Rédaction,AD,AD
2111,AD,AD,AD,AD
2112,"Kilian Tribouillard, Philipe Créange",responsable du développement éditorial au Télégramme,H,"Kilian Tribouillard, Philipe Créange"
2113,Benoît Boutron.,Journaliste,H,Benoît Boutron.
2114,"e Isabelle BONNET-MURRAY,",professionnel secteur,F," Isabelle BONNET-MURRAY,"
2115,AD,AD,AD,AD
2116,AD,AD,AD,AD
2117,Etienne Karlen,auteur/réalisateur,H,Etienne Karlen
2118,Benoit Boutron.,Journaliste,H,Benoit Boutron.
2119,Géraldine de Mori ,Journaliste,F,Géraldine de Mori 
2120,AD,AD,AD,AD
2121,"Production, coordination et réalisation : Robin Riccitiello


Programmateur : Alexandre Duarte


Direction de création : Raphaël Choyé


Direction de la rédaction : Marjorie Du Manoir


Photographe : Robin Delanoy


Journalistes : Jennifer Moyenga et Barbara Silvera Sonigo

",AD,H,David Castello-Lopes
2122,"Guilhem Richaud, Yohan Lemore",Journaliste,H,"Guilhem Richaud, Yohan Lemore"
2123,Flora Trouilloud,Journaliste,F,Flora Trouilloud
2124,AD,AD,AD,AD
2125,Loup Lassinat-Foubert,Journaliste,H,Loup Lassinat-Foubert
2126,Pomme et Julien ,AD,H+F,Pomme et Julien 
2127,Mathilde Fouqué et Mathis Desmond,AD,H+F,Mathilde Fouqué et Mathis Desmond
2128,Justine Hollman,Journaliste,F,Justine Hollman
2129,Philippe Joubin,Journaliste,H,H
2130,Anne Defraiteur-Nicoleau,auteur/réalisateur,F,Anne Defraiteur-Nicoleau
2131,"Léa Lejeune,",AD,F,"Léa Lejeune,"
2132,"écrit et incarné par Inès Hirigoyen, réalisé et mis en musique par Mathis Grosos, produit par Rochann Novin, Adeline Labbé et co-produit par la Fédération Française de Rugby",AD,F, Inès Hirigoyen
2133,"Enregistrements : août 20 à mai 22 - Entretiens : Marine Vlahovic - Montage : Marine Vlahovic et Sara Monimart - Réalisation : Marine Vlahovic et Samuel Hirsch - Musique originale & mixage : Samuel Hirsch - Illustration : Zaven Najjar - Production : ARTE Radio

",auteur/réalisateur,F,Marine Vlahovic
2134,AD,AD,F,AD
2135,AD,AD,AD,AD
2136,AD,Journaliste,F,Zoé
2137,"Pauline PAILLASSA, journaliste podcast, Les Jours",Journaliste,F,AD
2138,AD,AD,F,AD
2139,nsp,Journaliste,F,AD
2140,Slate pour Edmond de Rotschild,professionnel secteur,H,Edmond de Rotschild
2141,AD,AD,AD,AD
2142,"Franck Ferrand, Gérald Karsenti",Journaliste,H,"Franck Ferrand, Gérald Karsenti"
2143,nsp,Journaliste,AD,AD
2144,AD,AD,AD,AD
2145,"Écrit par Adélie Pojzman-Pontay, Iris Ouedraogo; Consultante historique : Myriam Cottias; Relecture et édition : Gabrielle Ramain: Réalisé par Chloé Kobuta  & Luis Calderon: Musique originale : Célia Wa; Montage : Chloé Kobuta, Luis Calderon et Iris Ouedraogo

Mix : Luis Calderon; Ingénieurs du son tape sync : Kimberly Haas, Emma Jacobs, Julien Manuguerra; Assistant son : Marin Grizeaud, Theo Albaric, Marec Panchot; Directrice de production : Oriane Bettoni; Assistante de production : Aimie Faconnier, Lucine Dorso, Responsable marketing : Carla Bertone; Graphiste : Mathilde Aubier; Producteurs délégués : Lorenzo Benedetti, Benoit Dunaigre et Louis Daboussy; Ce documentaire a reçu le soutien du Ministère de la Culture aux auteurs et autrices de ce podcast; Avec la participation du LAB d’Auvergne-Rhône-Alpes Cinéma et de la Région Auvergne-Rhône-Alpes. ",AD,F,"Adélie Pojzman-Pontay, Iris Ouedraogo"
2146,AD,AD,AD,AD
2147,Carine Dany,professionnel secteur,F,Carine Dany
2148,Nicolas Paolorsi,Journaliste,H,Nicolas Paolorsi
2149,Thibault Caudron,AD,H,Thibault Caudron
2150,AD,AD,AD,AD
2151,Mourad Aerts et Nicolas Georges,Journaliste,H,Mourad Aerts et Nicolas Georges
2152,AD,AD,AD,AD
2153,AD,AD,AD,AD
2154,Michel Juvillier,Journaliste,H,Michel Juvillier
2155,AD,AD,AD,AD
2156,Mathis Grosos,Journaliste,H,Mathis Grosos
2157,NSP,Rédaction,H,Felix Moatti
2158,Laurène Daycard,Journaliste,F,Laurène Daycard
2159,Marine Barnérias ,Journaliste,F,Marine Barnérias 
2160,"Isadora Dartial de Radio Nova, et Franck Vergeade des Inrockuptibles ",Journaliste,H+F,"Isadora Dartial de Radio Nova, et Franck Vergeade des Inrockuptibles "
2161,AD,AD,AD,AD
2162,Sarah Conan et Maud Ventura,AD,AD,Sarah Conan
2163,Camille RIVIECCIO.,Journaliste,F,Camille RIVIECCIO.
2164,AD,AD,AD,AD
2165,nsp,NSP,F,Camille RIVIECCIO.
2166,Christophe Delay et Adeline François ,Journaliste,H+F,Christophe Delay et Adeline François 
2167,rédaction,Rédaction,AD,AD
2168,rédaction,rédaction,H+F,rédaction
2169,nsp,nsp,AD,AD
2170,AD,AD,AD,AD
2171,AD,AD,AD,AD
2172,Violette Artaud,Journaliste,F,Violette Artaud
2173,Quentin Travaillé,AD,H,Quentin Travaillé
2174,Aurélien Raptael,Journaliste,H,Aurélien Raptael
2175,AD,AD,AD,AD
2176,Clawdia Prolongeau,Journaliste,F,Clawdia Prolongeau
2177,Philippe Gélie,Journaliste,H,Philippe Gélie
2178,"Vincent Roux, Anne-Emmanuelle Isaac, Alban Barthélemy et Timothée Delhemmes",Journaliste,H+F,"Vincent Roux, Anne-Emmanuelle Isaac, Alban Barthélemy et Timothée Delhemmes"
2179," Samia Basille, Alex Blomme et Hervé Hauboldt",NSP,H+F," Samia Basille, Alex Blomme et Hervé Hauboldt"
2180,"Ronan Coquelin-Lion, Eric Birlouez",journaliste + sociologue,H,"Ronan Coquelin-Lion, Eric Birlouez"
2181,Julia Molkhou,professionnel secteur,F,Julia Molkhou
2182,Fabrice Hyber,professionnel secteur,H,Fabrice Hyber
2183,Alicia Dorey,Rédaction,F,Alicia Dorey
2184,Jean-Christophe Buisson,Journaliste,H,Jean-Christophe Buisson
2185, Laura Raim ,auteur/réalisateur,F, Laura Raim 
2186,Martin Dust et Nina Gat ,Journaliste,H+F,Martin Dust et Nina Gat 
2187,"Thibaut Gauthier, Vincent Rozeron et Timothée Delhemme",Journaliste,H,"Thibaut Gauthier, Vincent Rozeron et Timothée Delhemme"
2188,AD,AD,AD,AD
2189,rédaction,rédaction,H,Xavier Colombani et Gaëtan de la folie
2190,Clara Blein-Renaudot,auteur/réalisateur,F,Clara Blein-Renaudot
2191,AD,AD,AD,AD
2192,"Nicolas Vilas, Kevin Diaz",Journaliste,H,"Nicolas Vilas, Kevin Diaz"
2193,Denis Dupont,Rédaction,H,Hervé HAUBOLDT
2194,Camille RIVIECCIO.,Journaliste,F,Camille RIVIECCIO.
2195,Chloé Woitier,Journaliste,F,Chloé Woitier
2196,nsp,Rédaction,AD,AD
2197,Hortense Volle,Journaliste,F,Hortense Volle
2198,AD,AD,AD,AD
2199,AD,AD,AD,AD
2200,Eugénie Bastié,Journaliste,F,Eugénie Bastié
2201,"Aïda Djoupa, Marie-Stéphanie Servos",Journaliste,F,"Aïda Djoupa, Marie-Stéphanie Servos"
2202,"Dominique A; réalisation et mixage : Samuel Hirsch

",auteur/réalisateur,H,Dominique A
2203," Les inattendus est un podcast de Mélanie Ohayon produit par l'Acap - pôle régional image et Narrason.


Coordination générale et éditoriale, Host et Casting : Mélanie OHAYON.


Prises de son préparation des entretiens : Norah BENARROSH et Gabriel VLACHOS


Direction de production : Nolwenn THIVAULT


Assistant de production : Clément COUCOUREUX


Réalisation : Charlie AZINCOT


Illustration : Pauline DI VALENTIN


Habillage graphique : Clémentine TROCELLIER


Composition musicale : Emeric ZUBAR


Une co-production Acap - pôle régional image et Narrason 2023",AD,F,Mélanie Ohayon
2204,"Panier Piano est un podcast de Binge Audio. Générique : François Clos, Thomas Rozès avec la Chorale de Binge Audio. Identité graphique : Marion Lavedeau (Upian). Direction des programmes : Joël Ronez. Direction de la rédaction : David Carzon. Direction générale : Gabrielle Boeri-Charles.",professionnel secteur,H+F,Klair fait grrr
2205,Rémi le Druillenec et Quentin Obadia,Journaliste,H,Rémi le Druillenec et Quentin Obadia
2206,Mathieu Chiaverini,auteur/réalisateur,H,Mathieu Chiaverini
2207,Michel Liout,Rédaction,H,Michel Liout
2208,nsp,nsp,AD,AD
2209,"Ruddy Aboab / Aline Afanoukoé / Sir Ali / Marion Armengod / Marie Arquié / Aure Atika / Morane Aubert / Arnaud Aymard / Mélanie Bauer / Thomas Baumgartner / Emmanuel Baux / Antoine Blin / David Blot / Marie Bonnisseau / Smaël Bouaici / Mathieu Boudon / Tania Bruna-Rosso / David Brun-Lambert / Camille / Sébastian Carriau / Sulivan Clabaut / Fany Corral / Eve Couturier / DJ Cut Killer / Isadora Dartial / François Dayre / Jamel Debbouze / DJ Dee Nasty / Héloïse Delaunay / Annick Delefosse / Bruno Delport / Yao Dembelé / Camille Diao / Julien Donaz / Léa Drucker / Loïc Dury / EJM / Elodie Font / Matthieu Fontaine / Nicolas Frize / Franck Haderer / Armel Hemme / Esteli Hernandez Ortiz / Richard Gaitet / Guillaume Girault / Mathieu Girod / Liz Gomis / Isabelle Gornet / Nadine Gravelle / Tristan Guérin / IAM / Jimmy Kiavué / Cédric Klapisch / Ariel Kyrou / Jeanne Lacaille / Catherine Lagarde / DJ LBR / Ray Lema / Manu Le Malin / Patrick Leygonie / Angela Lorente / Linda Lorin / Mai Lucas / Lionel « Foxx » Magal / Mélanie Mallet / Jean-Jacques Mandel / Valérie Massadian / Sophie Marchand / Alex Masson / Martin Meissonnier / Marc Melki / Marie Misset / Jean Morel / Samba Ndiaye / Christophe Nick / Jean-Jacques Palix / Thierry Paret / Gilles Peterson / Thierry Planelle / Nicolas Pradeau / Reza Pounewatchy / Princesse Erika / Elisabeth Quin / Roudoudou / Nicolas Saada / Sapho / Aino Schlaegel / Théo Sébald / Mathilde Serrell / Aurélie Sfez / Bintou Simporé / Solo / Squaaly Baba / Bastien Stisi / Hadja Tabi / Frédéric Taddéi / Patrick Thévenin / Benoît Thuault / Patrick Van Troyen / Marushka Vidovic / Malo Williams / Ariel Wizman / Yannick & Mélusine / Bernard Zekri.

",Rédaction,H+F,H+F
2210,Guyonne de Montjou,Journaliste,F,Guyonne de Montjou
2211,Career Kueen,professionnel secteur,F,Career Kueen
2212,AD,AD,AD,AD
2213,nsp,NSP,AD,AD
2214,Marjorie Hache,Journaliste,F,Marjorie Hache
2215,AD,AD,AD,AD
2216,"Juliette LIVARTOWSKI, productrice Binge audio",Journaliste,F,"Juliette LIVARTOWSKI, productrice Binge audio"
2217,Mehdi Ahoudig & Hassen Ferhani,auteur/réalisateur,H+F,Mehdi Ahoudig & Hassen Ferhani
2218,Myriam Prévost,auteur/réalisateur,F,Myriam Prévost
2219,"Alice, Inès, Clara, Ève",AD,F,F
2220,Pauline Grisoni,AD,F,Pauline Grisoni
2221,Waxx,Journaliste,H,Waxx
2222,"roduction éditoriale: Nina Pareja. Présentation, montage, réalisation et illustration: Mona Delahais.",nsp,F,Mona Delahais
2223,nsp,Journaliste,AD,AD
2224,AD,AD,AD,AD
2225,Maud Rieu,AD,F,Maud Rieu
2226,"Les cinq journalistes du pôle sciences (science, santé et environnement) de

The Conversation France (Lionel Cavicchioli, Elsa Couderc, Jennifer Gallé, Émilie Rauscher et Benoît Tonson),",Journaliste,H+F,"""Les cinq journalistes du pôle sciences (science, santé et environnement) de

The Conversation France (Lionel Cavicchioli, Elsa Couderc, Jennifer Gallé, Émilie Rauscher et Benoît Tonson),"""
2227,Denis Dupont,Rédaction,H,Denis Dupont
2228,AD,"Prof, chercheurs",H,AD
2229,AD,AD,F,AD
2230,AD,AD,AD,AD
2231,AD,AD,AD,AD
2232,Nicolas Vilas ,Journaliste,H,Nicolas Vilas 
2233,AD,AD,AD,AD
2234,AD,AD,AD,AD
2235,Anaïs Bouton,Journaliste,F,Journaliste
2236,Diane Poitau et Romain Salas (et à l’occas’ par Bérénice Coulibaly,Journaliste,H+F,Diane Poitau et Romain Salas (et à l’occas’ par Bérénice Coulibaly
2237,Diane Sprimont,auteur/réalisateur,F,Diane Sprimont
2238,AD,AD,AD,AD
2239,Daniel Fiévet,Journaliste,H,Daniel Fiévet
2240,Alex Voce,Journaliste,H,Alex Voce
2241,AD,AD,AD,AD
2242,Claire Rodineau et Sophie Vincelot,Journaliste,F,Claire Rodineau et Sophie Vincelot
2243,nsp,Journaliste,AD,AD
2244,nsp,nsp,AD,AD
2245,journalistes de la rédaction,Journaliste,H+F,rédaction
2246,Vladimir Cagnolari,Journaliste,H,Vladimir Cagnolari
2247, Marina Julienne & Irène Berelowitch,auteur/réalisateur,F, Marina Julienne & Irène Berelowitch
2248,Sébastien Bordenave,Journaliste,H,Sébastien Bordenave
2249,AD,AD,AD,AD
2250,"Écrit par : Lila Berdugo et Salomé Parent-Rachdi  Productrice : Anne-Cécile KirryCoordinateur éditorial : Jean-Baptiste RenaudRédacteur en chef pré-enquête : Jean-Pierre CanetProducteur.ice.s délégué.e.s : Lorenzo Benedetti, Louis Daboussy, Benoit Dunaigre, Marina Ladous et Etienne HuverMonteur son, sound designer et mixeur : Alexandre BabeanuEnregistrement : Théo Albaric et Marin GrizeaudAssistant son : Marec Panchot et Rayan KaanicheCompositrice : Fredrika StahlDirecteur.ice.s de production : Oriane Bettoni et Bruno SterpelloneChargée de production : Nouhad HoutiAssistantes de production : Aimie Faconnier et Caroline HallerResponsable marketing : Carla BertoneAssistante marketing : Cyrile PocreauAttachée de presse : Gaëlle JobJuridique: Virginie Marquet, Ludye Nisol et Alix du Plessis d'ArgentréGraphiste : Maxime RenaudPhotographe : Salomé OyallonVoix additionnelles : Suzanne Colin, Aimie Faconnier, Théo Albaric, Louis Daboussy, Sina Mir

Archive sonore : France 24, ""Express Orient"" - journal du 9 février 2022, présenté par Meriem Amellal-Lalmas.",Journaliste,F,Lila Berdugo et Salomé Parent-Rachdi  
2251,Jean-Bernard Carillet,Rédaction,H,Jean-Bernard Carillet
2252,AD,AD,AD,AD
2253,Magali Rangin,Journaliste,F,Magali Rangin
2254,"Journaliste : François Dayre,

Directrice artistique : Sylvie Arditi,

Chargée de production : Julie Kleinfinger,

Responsable Publicité & Partenariats Musique : Matthieu de Jerphanion, Cecile Revenu,

Cheffe de projet : Axelle Cohen,

Et l'aide de : Sophie Marchand, Bintou Simpore, Sébastien Carriau, Bastien Stisi.

Remerciements à Fabienne Brousseau et Coline Infante de la Philharmonie de Paris.",Journaliste,H,François Dayre
2255,Esteban Wending,Journaliste,H,Esteban Wending
2256,AD,AD,H,AD
2257,Léa Lejeune et Mathieu Palain,Journaliste,H+F,Léa Lejeune et Mathieu Palain
2258,AD,AD,H,AD
2259,AD,AD,AD,AD
2260,rédaction,Journaliste,H,AD
2261,Catherine Betti,Journaliste,H,"Frédéric BONET; Yohan Lemore, "
2262,Pauline Jacot,Journaliste,F,Pauline Jacot
2263,"Écrit et raconté par : Aline Laurent-MayardProductrice : Suzanne ColinProducteurs délégués : Lorenzo Benedetti, Louis Daboussy, Benoit DunaigreRéalisateur, Monteur son, sound designer et mixeur : Théo AlbaricDirecteur.ice de production : Oriane BettoniChargée de production : Lucine DorsoResponsable marketing : Carla BertoneAssistante marketing : Cyrile PocreauAssistante chargée de développement : Marie-Soizic FrabouletStagiaire édito : Joséphine CaroAttachée de presse : Gaëlle JobJuridique : Ludye Nysol et Alix du Plessis d'ArgentréMusique Originale : D.L.i.dGraphiste : SuperFeatPhotographe : Salomé Oyallon",AD,F,Aline Laurent-MayardProductrice
2264,Sarah Koskievic et Astrid Verdun,Journaliste,F,Astrid Verdun
2265,AD,AD,AD,AD
2266,Rédaction,Journaliste,H+F,"Laurent Gaudenz, Mariella Esvant, Christophe Gervais (et autre peut-être, variable en fonction des épisodes)"
2267,Agathe Lévêque,Journaliste,F,Agathe Lévêque
2268,Estelle Ndandjo,Journaliste,F,Estelle Ndandjo
2269,Fabienne Broucaret,AD,F,Fabienne Broucaret
2270,Denis Charvet et Adrien Aigoin,Journaliste,H,Denis Charvet et Adrien Aigoin
2271,Isabelle Dhombre,Journaliste,F,Isabelle Dhombre
2272,Pauline Bordja.,Journaliste,F,Pauline Bordja.
2273,"Philippe Joubin, Ronan le Monnier, Guillaume Nedelec",Journaliste,H,"Philippe Joubin, Ronan le Monnier, Guillaume Nedelec"
2274,"Écrit par : Marion Dubreuil; Producteur : Sina Mir, Producteurs délégués : Lorenzo Benedetti, Louis Daboussy et Benoit Dunaigre; Enregistrement : Marin Grizeaud, Marec Panchot et Quentin Kazmierczak, Monteur son, sound designer et mixeur : Adrien Leblond, Assistant son : Marin Grizeaud et Hugo Guidon, ; Directrice de production : Oriane Bettoni; Assistante de production : Caroline Haller; Assistante éditoriale : Anna Finot; responsable marketing : Carla Bertone; Assistante marketing : Cyrile Pocreau; Attachée de presse : Gaëlle Job; Juridique : Ludye Nisol et Alix Du Plessis d’Argentré; Graphiste : Maxime Renaud; Voix additionnelles : Théo Albaric, Solal Dahan, Alix Du Plessis d’Argentré, Sina Mir et Clémence Olivier.",AD,F,Marion Dubreuil
2275,AD,AD,F,AD
2276,AD,AD,AD,AD
2277,AD,AD,AD,AD
2278,Clément Baudet & Alice Lefilleul,auteur/réalisateur,H+F,Clément Baudet & Alice Lefilleul
2279,nsp,NSP,AD,AD
2280,Marie Maurisse et François Pilet ,Journaliste,H+F,Marie Maurisse et François Pilet 
2281,Manon Fossat.,Journaliste,F,Manon Fossat.
2282,AD,AD,AD,AD
2283,rédaction,Rédaction,H,AD
2284,Clémentine Vergnaud & Samuel Aslanoff,Journaliste,H+F,Clémentine Vergnaud & Samuel Aslanoff
2285,Cécilia Gabizon,AD,F,Cécilia Gabizon
2286,étudiants de l'IUT de Lannion,étudiants en journalisme,H+F,AD
2287,Michaëla Cancela-Kieffer ,Journaliste,F,Michaëla Cancela-Kieffer 
2288,Jean Doridot,professionnel secteur,H,Jean DOridot
2289,Odile Bagot,professionnel secteur,F,Odile Bagot
2290,Frédéric Filloux ,Journaliste,H,Frédéric Filloux 
2291,AD,AD,AD,AD
2292,Denis Dupont,Rédaction,H,Denis Dupont
2293,AD,AD,H,AD
2294,"Sarah Koskievic, Mandy Lebourg et Astrid Verdun",Journaliste,F,"Sarah Koskievic, Mandy Lebourg et Astrid Verdun"
2295,Clara Blein-Renaudot,auteur/réalisateur,F,Clara Blein-Renaudot
2296,Rédaction des sports,Journaliste,H,AD
2297,David Cormeillas,auteur/réalisateur,H,David Cormeillas
2298,AD,AD,H,AD
2299,Alban Barthélémy,Journaliste,H,Alban Barthélémy
2300,Alice Develey,Journaliste,F,Alice Develey
2301,Guillaume Perrault,Journaliste,H,Guillaume Perrault
2302,Alice Develey et Dorian Grelier,journaliste,H+F,Alice Develey et Dorian Grelier
2303,"Production du studio Make Some NoiseAvec le soutien de la Sacem

Journaliste : Mathieu BeaudouRéalisateur : Guillaume Girault

Identité visuelle : Charlotte TharreauLicence : Epidemic",Journaliste,H,Mathoeu Beaudoin
2304,Marion Dubreuil,Journaliste,F,Marion Dubreuil
2305,"Une création sonore d’Antoine Couder & Roman Kouder

",AD,H,Antoine Couder & Roman Kouder
2306,Salomé Boulet ,Rédaction,F,Salomé Boulet 
2307,"Production éditoriale  I  Sarah Koskievic et Mandy Lebourg, assistées de Sidonie Cottier

‍

‍

Montage  I  Camille Legras
Illustration  I  Laurine Vogel
Avec la voix de Benjamin Saeptem Hours

‍",Journaliste,H,Benjamin Septem Hours
2308, Noémie Martel,AD,F, Noémie Martel
2309,AD,AD,AD,AD
2310,Clara Grouzis,Journaliste,F,Clara Grouzis
2311,rédaction,Journaliste,H,Dan Pérez
2312,"Anne de Guigné, Salomé Boulet",Journaliste,F,F
2313,Emma Hollen,AD,F,Emma Hollen
2314,AD,AD,AD,AD
2315,AD,AD,AD,AD
2316,AD,AD,AD,AD
2317,AD,AD,AD,AD
2318,Pierrick Baudet,AD,H,AD
2319,AD,AD,AD,AD
2320,Jeanne Paravert,auteur/réalisateur,F,Jeanne Paravert
2321,Stéphanie Loire,AD,F,Stéphanie Loire
2322,Philippe Dufreigne,Journaliste,H,Philippe Dufreigne
2323,Hélène Devannes,auteur/réalisateur,F,Hélène Devannes
2324,rédaction,Rédaction,AD,AD
2325,Philippe Joubin et Pierre-Michel Bonnot,Journaliste,H,Philippe Joubin et Pierre-Michel Bonnot
2326,AD,AD,AD,AD
2327,Sophie de Tarlé,Journaliste,F,Sophie de Tarlé
2328,"Animation : Jean-Louis, Jean-Jacques, Jean-Marc

",amateur/concerné,H,"ean-Louis, Jean-Jacques, Jean-Marc

"""
2329,AD,AD,AD,AD
2330,AD,AD,H,AD
2331,AD,AD,AD,AD
2332,"Direction éditoriale: Christophe Carron et Hélène Decommer

Production éditoriale: Christophe Carron, Hélène Decommer et Aurélie Rodrigues

Conseillère éditoriale: Florence Colombani

Montage et réalisation: Aurélie Rodrigues

Musique: Victor Benhamou

Illustration: Aurélie Rodrigues et Clémentine Amblard

Photo originale: Thomas Coex / AFP

Ce podcast a été réalisé avec l'aide de Mona Delahais et Clémentine Amblard.",nsp,F,"F pour les questions, H pour les réponses (Colombani)"
2333,"Margaux de Frouville, cheffe du service santé de BFMTV, Alain Ducardonnet, consultant santé BFMTV",Journaliste,H+F,"Margaux de Frouville, cheffe du service santé de BFMTV, Alain Ducardonnet, consultant santé BFMTV"
2334,"Serge Boimare, psychopédagogue, Aurore Ponssenet, formatrice en orthographe",professionnel secteur,H+F,"Serge Boimare, psychopédagogue, Aurore Ponssenet, formatrice en orthographe"
2335,AD,AD,H,AD
2336,Catherine UNAC,Journaliste,F,Catherine UNAC
2337,Angèle Marrey et Jennyfer Arduin.,Journaliste,F,Angèle Marrey et Jennyfer Arduin.
2338,"Direction éditoriale: Christophe Carron

Production éditoriale: Nina Pareja

Montage et réalisation: Aurélie Rodrigues

Musique: Arnaud Denzler

Sound Design: Johanna Lalonde

Illustration: Laurine Vogel


Ce podcast a été réalisé avec l'aide de Mona Delahais et de Nina Bailly.",nsp,F,Eva Lopez Eiro et Liso Campana
2339,AD,AD,AD,AD
2340,Léa Chatauret,auteur/réalisateur,F,Léa Chatauret
2341,Stéphane Aubouard.,AD,H,Stéphane Aubouard.
2342,Loury Lag,professionnel secteur,H,Loury Lag
2343,Michel Picot,Journaliste,H,Michel Picot
2344,AD,AD,AD,AD
2345, Laetitia Nallet,AD,F, Laetitia Nallet
2346,Eric Maggiori et Andrea Chazy,Journaliste,H,Eric Maggiori et Andrea Chazy
2347,François Barrère,AD,H,François Barrère
2348,Emilie Joubert,Journaliste,F,Emilie Joubert
2349,"Avec celles et ceux qui font l’Université : Éloïse Quétel (Corps et Biologie), Nathanaël Jarrassé (Corps et Robotique), Solenne Carof (Corps et Sociologie), Anaëlle Afraoui (Corps et Sport) et Guillaume Jablonka (Corps et Arts).

Une série surprenante en cinq volets, à retrouver toutes les semaines à partir du 20 septembre 2023, jusqu’au 18 octobre 2023 sur nova.fr et sur toutes les plateformes d’écoutes.","Prof, chercheurs",H+F,variable selon épisode
2350,"Manon Haussy, Clément Gassy",journaliste multimédia,H+F,"Manon Haussy, Clément Gassy"
2351,André Auguste  sur une idée de Willy Billiard,professionnel secteur,H,Michel Degardin
2352,"Crédits : Journalistes : Clémentine Spiler, Matthieu Fontaine et Richard Gaitet.Directrice éditoriale : Sophie MarchandRéalisateur et ingénieur du son : Thomas Torres et Marion Emerit.Directrice artistique : Sylvie Arditi.Directrice Publicité et Partenariats Culturels - Combat : Cécile Revenu.Chargée de production - Studio Nova : Julie KleinfingerCheffe de projet production des partenariats - Combat : Axelle CohenGraphisme : Sébastien Carriau.Avec l'aide de l’Institut français : Jean-Philippe Rousse, Jean-François Guéganno, Romain Chatillon, Chloé Loango.",Journaliste,H+F,"Clémentine Spiler, Matthieu Fontaine, Richard Gaitet"
2353,Yves Pulicci,Journaliste,H,Yves Pulicci
2354,"Clément Gassy, Manon Van Overbeck","Clément Gassy, Manon Van Overbeck",H+F,"Clément Gassy, Manon Van Overbeck"
2355,Swann Périssé,Journaliste,F,Swann Périssé
2356,AD,AD,AD,AD
2357,cellule podcast de DNA,Journaliste,H+F,variable
2358,nsp,nsp,H,AD
2359,rédaction,rédaction,AD,AD
2360,"Maud Hertz, François Xavier Ledoux (prêtre)",autres,H+F,"Maud Hertz, François Xavier Ledoux (prêtre)"
2361,nsp,nsp,H,AD
2362,Stéphane Moïssakis,AD,F,Marie Casabonne
2363,AD,AD,AD,AD
2364,AD,AD,AD,AD
2365,"écriture: Maud de Carpentier; Producteur : Sina Mir; Producteurs délégués : Lorenzo Benedetti, Louis Daboussy et Benoit Dunaigre: Enregistrement : Marin Grizeaud, Marec Panchot et Quentin Kazmierczak: Monteur son, sound designer et mixeur : Théo Albaric; Assistant son : Marin Grizeaud et Hugo Guidon
; Directrice de production : Sandrine Vendel; Assistante de production : Emma Seiler et Caroline Haller; Assistante éditoriale : Anna Finot et Léa Warrin: Responsable marketing : Jeanne Longhini avec Cyrile Pocreau et Lilou Delclitte; Attachée de presse : Gaëlle Job; Juridique : Ludye Nisol et Alix Du Plessis d’Argentré:; Graphiste : Lucile Lissandre",AD,F,Maud de Carpentier
2366,AD,AD,AD,AD
2367,Dorine Besson et Marie-Maxime Dricot ,Journaliste,F,Marie-Amélie Motte
2368,"Mélina Boetti,",Journaliste,F,"Mélina Boetti,"
2369,AD,AD,AD,AD
2370,Nicolas Lansalot,auteur/réalisateur,H,Nicolas Lansalot
2371,Yohann Lemore,enfants / adolescents,H+F,"pas d'host / par les enfants, variables selon épisodes "
2372,"Voix : Alix DouartÉcrit par : Alix Douart, Adèle Salmon, Suzanne ColinRéalisateur, Monteur son, sound designer et mixeur : Florentin BaumeProductrice : Suzanne ColinProducteurs délégués : Lorenzo Benedetti, Louis Daboussy, Benoit DunaigreEnregistrement studio et montage des bout-à-bouts : Marec PanchotDirectrice de production : Sandrine VendelChargée de production : Lucine DorsoAssistante de production : Emma SeilerAssistante éditoriale : Marie-Soizic FrabouletStagiaire édito : Joséphine CaroSupervision musicale : Hugo Guidon Juridique : Ludye Nysol et Alix du Plessis d'ArgentréVoix additionnelle : Marie-Soizic FrabouletMarketing : Cyrile PocreauAttachée de presse : Gaëlle JobGraphiste : Mathilde AubierArchives : INA. Extrait du discours du général Giap à Alger en 1976.Musique générique : "" Lewat Malam Awal Pagi "", Performed by Wanhanzan, Composed by Dzarif Wan, aka Wanhanzan © Dzarif Wan. This piece was originally commissioned by Nusasonic and published on the mixcloud of the Nusasonic, www.mixcloud.com/Nusasonic/. Nusasonic is an experimental sound and music joint project by Goethe-Institut in Southeast Asia, Playfreely/BlackKaji (Singapore), Yes No Klub (Yogyakarta), WSK Festival (Manila), and CTM Festival (Berlin). » Cette série documentaire a reçu l'aide sélective aux autrices et auteurs de podcasts et de créations radiophoniques du Ministère de la Culture, ainsi que la Bourse ""Brouillon d'un rêve sonore"" de la SCAM.",Journaliste,F,Alix Douart
2373,rédaction,rédaction,AD,AD
2374,Claire Fournier,Journaliste,F,Claire Fournier
2375,variable ,auteur/réalisateur,AD,AD
2376,Olivier Mignot et Annabelle Brouard,auteur/réalisateur,H,Olivier Mignot
2377,Marion Ruggieri,AD,F,Marion Ruggieri
2378,Bob Bellanca,AD,H,Bob Bellanca
2379,Tony Melvil; Louis Duruflé,auteur/réalisateur,H,Tony Melvil; Louis Duruflé
2380,"Stéphane Maggiolini, Thomas Bernabe et Manon Mugica ",Journaliste,H+F,"Stéphane Maggiolini, Thomas Bernabe et Manon Mugica "
2381,AD,AD,AD,AD
2382,AD,AD,AD,AD
2383,AD,AD,AD,AD
2384,Thomas Snégaroff.,Journaliste,H,Thomas Snégaroff.
2385,Un podcast raconté par Cédric Villani et réalisé par Véronique Samouiloff.,"Prof, chercheurs",H,Cédric Villani
2386,Aude Bariéty et Aude Sérès ,Journaliste,F,Aude Bariéty et Aude Sérès 
2387,"Cette mini-série a été réalisée en partie avec les interviews rassemblées pour le documentaire intitulé « Mali, la guerre perdue contre le terrorisme » de Nathalie Prévost et Olivier Jobart, produit par POINT DU JOUR - LES FILMS DU BALIBARI, distribué par ZED.

",Journaliste,AD,AD
2388,Jérémy Boulongne,Journaliste,H,Jérémy Boulongne
2389,Juliette Flamant,auteur/réalisateur,F,Juliette Flamant
2390,Édouard Nasri,"Prof, chercheurs",H,Edouard Nasri
2391,rédaction,Rédaction,AD,AD
2392,Alexandre KHALI,AD,H,Alexandre KHALI
2393,AD,AD,AD,AD
2394,Ronan Coquelin-Lion,Journaliste,H+F,Eva ...
2395,rédaction,rédaction,AD,AD
2396,"Textes : Élodie Boutit

Voix: Laetitia Vercken

Rédaction en chef : Sarah Conan et Anaïs Koopman.

Production : Marie Carette",Journaliste,F,Laetitia Vercken
2397,Daniel Fiévet,Journaliste,H,Daniel Fiévet
2398,"Écrit par : Mathilde CeillesProductrice : Clémence OlivierProducteurs délégués : Lorenzo Benedetti, Louis Daboussy, Benoit DunaigreRéalisateur, enregistrement, monteur son, sound designer et mixeur  : Théo AlbaricAssistants sons : Quentin Kazmierczak, Marec Pancheau et Marin GrizeauRelecture : Suzanne ColinDirectrice de production : Oriane BettoniAssistante de production : Emma SeilerAssistante éditoriale : Anna FinotMarketing : Cyrile PocreauAttachée de presse : Gaëlle JobJuridique : Ludye Nisol et Alix du Plessis d'ArgentréGraphiste : Maxime RenaudPhotographe : Marie-Soizic Fraboulet",AD,H+F,Mathilde Ceilles
2399,"Direction éditoriale: Christophe Carron
Production éditoriale et présentation: Nina Pareja
Reportages, interviews et prise de son: Robin Tutenges
Montage et réalisation: Mona Delahais",NSP,H+F,"Nina Pareja, Robin Tutenges"
2400,Julien Morin,Journaliste,H,H
2401,AD,AD,AD,AD
2402,AD,AD,AD,AD
2403,AD,AD,AD,AD
2404,"Direction éditoriale: Christophe Carron
Production éditoriale: Christophe Carron et Nina Pareja
Montage et réalisation: Aurélie Rodrigues
Musique: Sable Blanc
Illustration: Mona Delahais et Aurélie Rodrigue",professionnel secteur,H+F,"Christophe Carron (présentation, questions), Mardi noir (femme, réponses et parole principale-)"
2405,Pacôùe Thiellement,"Prof, chercheurs",H,Pacôme Thiellement
2406,AD,AD,AD,AD
2407,Philippe Collin ,Journaliste,H,Daniel Fiévet
2408,Romain Cavallin & Matthieu Cauchy,auteur/réalisateur,H,Romain Cavallin & Matthieu Cauchy
2409,AD,AD,AD,AD
2410,AD,AD,AD,AD
2411,AD,AD,AD,AD
2412,Léo Tescher,Journaliste,H,H
2413,nsp,nsp,F,AD
2414,"Benoit Ballet, correspondant pour BFMTV aux États-Unis, et Thierry Arnaud, éditorialiste ",Journaliste,H,"Benoit Ballet, correspondant pour BFMTV aux États-Unis, et Thierry Arnaud, éditorialiste "
2415,"Production : Olivier Emond, Anne Le Gall et Boris Hallier | Réalisation : Clotilde Pivin | Prise de son : Christophe Papon, Alix Barrois et Romain Luquiens | Mixage : Bruno Mourlan | Création sonore : Bruno Carpentier et Hervé Bouley | Visuels : Maxime Bardou, Stéphanie Berlu | Coordination : Pauline Pennanec’h",Journaliste,H+F,variable selon épisode
2416,AD,AD,AD,AD
2417,AD,AD,AD,AD
2418,Leslie Menahem,auteur/réalisateur,F,Leslie Menahem
2419,AD,AD,AD,AD
2420,AD,AD,AD,AD
2421,Céline Kallmann & Marie-Aimée Copleutre,Journaliste,F,Céline Kallmann & Marie-Aimée Copleutre
2422,Pacôùe Thiellement,"Prof, chercheurs",H,Pacôme Thiellement
2423,Usul,Journaliste,H,Usul
2424,Armel Hemme & Agathe Lévêque,AD,H+F,Armel Hemme & Agathe Lévêque
2425,Elodie Rabé,Journaliste,F,Elodie Rabé
2426,AD,AD,AD,AD
2427,Noémie Schulz,Journaliste,F,Noémie Schulz
2428,nsp,Journaliste,H,AD
2429,AD,AD,AD,AD
2430,AD,NSP,AD,AD
2431,AD,NSP,AD,AD
2432,AD,NSP,AD,AD
2433,AD,NSP,AD,AD
2434,AD,NSP,AD,AD
2435,,,,
